Date création grille;Est actif ? (J);Période (traitement);Départements;Volume global contrôles;Volume validés;Part validés;Volume mal formés;Part mal formés;Volume malfaçons;Part malfaçons;Volume mensongers;Part mensongers;Millésime
18/09/2024;1;202441;35;1;1;100%;0;0%;0;0%;0;0%;2025-02-04 14:59:24.363171
05/09/2024;0;202441;44;2;1;50%;1;50%;0;0%;0;0%;2025-02-04 14:59:24.363171
18/09/2024;1;202441;35;1;1;100%;0;0%;0;0%;0;0%;2025-02-04 14:59:24.363171
04/03/2024;1;202441;44;1;1;100%;0;0%;0;0%;0;0%;2025-02-04 14:59:24.363171
29/08/2024;1;202441;29;2;0;0%;0;0%;1;50%;1;50%;2025-02-04 14:59:24.363171
29/08/2024;0;202441;29;2;1;50%;0;0%;0;0%;1;50%;2025-02-04 14:59:24.363171
16/07/2024;1;202441;35;3;2;66,67%;1;33,33%;0;0%;0;0%;2025-02-04 14:59:24.363171
02/03/2023;1;202441;56;1;1;100%;0;0%;0;0%;0;0%;2025-02-04 14:59:24.363171
23/09/2024;1;202441;50;1;1;100%;0;0%;0;0%;0;0%;2025-02-04 14:59:24.363171
02/03/2022;0;202441;35;2;0;0%;2;100%;0;0%;0;0%;2025-02-04 14:59:24.363171
30/08/2023;1;202441;50;1;0;0%;0;0%;0;0%;1;100%;2025-02-04 14:59:24.363171
11/05/2022;0;202441;29;2;1;50%;0;0%;1;50%;0;0%;2025-02-04 14:59:24.363171
30/04/2024;1;202441;35;1;1;100%;0;0%;0;0%;0;0%;2025-02-04 14:59:24.363171
19/10/2021;1;202441;29;1;0;0%;1;100%;0;0%;0;0%;2025-02-04 14:59:24.363171
12/12/2023;0;202441;29;1;0;0%;1;100%;0;0%;0;0%;2025-02-04 14:59:24.363171
26/04/2021;0;202441;35;1;0;0%;1;100%;0;0%;0;0%;2025-02-04 14:59:24.363171
26/04/2021;1;202441;50;1;1;100%;0;0%;0;0%;0;0%;2025-02-04 14:59:24.363171
01/08/2023;1;202441;44;2;0;0%;2;100%;0;0%;0;0%;2025-02-04 14:59:24.363171
22/11/2023;1;202441;29;1;1;100%;0;0%;0;0%;0;0%;2025-02-04 14:59:24.363171
10/05/2024;1;202441;29;9;9;100%;0;0%;0;0%;0;0%;2025-02-04 14:59:24.363171
04/04/2024;1;202441;29;4;3;75%;1;25%;0;0%;0;0%;2025-02-04 14:59:24.363171
30/08/2023;0;202441;44;4;1;25%;0;0%;0;0%;3;75%;2025-02-04 14:59:24.363171
27/10/2022;1;202441;29;1;1;100%;0;0%;0;0%;0;0%;2025-02-04 14:59:24.363171
02/03/2022;1;202441;29;3;0;0%;3;100%;0;0%;0;0%;2025-02-04 14:59:24.363171
23/01/2024;1;202441;35;3;1;33,33%;2;66,67%;0;0%;0;0%;2025-02-04 14:59:24.363171
15/04/2022;1;202441;29;1;1;100%;0;0%;0;0%;0;0%;2025-02-04 14:59:24.363171
07/08/2024;0;202441;50;1;1;100%;0;0%;0;0%;0;0%;2025-02-04 14:59:24.363171
09/01/2023;1;202441;44;2;1;50%;1;50%;0;0%;0;0%;2025-02-04 14:59:24.363171
21/06/2024;1;202441;44;1;0;0%;1;100%;0;0%;0;0%;2025-02-04 14:59:24.363171
06/06/2024;1;202441;44;1;1;100%;0;0%;0;0%;0;0%;2025-02-04 14:59:24.363171
23/01/2024;1;202441;44;1;1;100%;0;0%;0;0%;0;0%;2025-02-04 14:59:24.363171
16/07/2024;0;202441;44;2;0;0%;1;50%;0;0%;1;50%;2025-02-04 14:59:24.363171
13/05/2024;1;202441;29;1;0;0%;1;100%;0;0%;0;0%;2025-02-04 14:59:24.363171
15/04/2024;1;202441;29;1;1;100%;0;0%;0;0%;0;0%;2025-02-04 14:59:24.363171
24/07/2023;1;202441;35;2;2;100%;0;0%;0;0%;0;0%;2025-02-04 14:59:24.363171
01/03/2024;1;202441;35;2;0;0%;1;50%;0;0%;1;50%;2025-02-04 14:59:24.363171
20/09/2022;1;202441;35;1;1;100%;0;0%;0;0%;0;0%;2025-02-04 14:59:24.363171
09/09/2024;1;202441;35;1;1;100%;0;0%;0;0%;0;0%;2025-02-04 14:59:24.363171
11/09/2024;0;202441;35;1;1;100%;0;0%;0;0%;0;0%;2025-02-04 14:59:24.363171
10/07/2024;0;202441;35;1;1;100%;0;0%;0;0%;0;0%;2025-02-04 14:59:24.363171
03/09/2024;1;202441;56;2;2;100%;0;0%;0;0%;0;0%;2025-02-04 14:59:24.363171
13/06/2024;1;202441;35;1;1;100%;0;0%;0;0%;0;0%;2025-02-04 14:59:24.363171
04/03/2024;1;202441;56;1;0;0%;1;100%;0;0%;0;0%;2025-02-04 14:59:24.363171
12/09/2023;1;202442;35;1;1;100%;0;0%;0;0%;0;0%;2025-02-04 14:59:24.363171
05/06/2023;1;202442;35;1;1;100%;0;0%;0;0%;0;0%;2025-02-04 14:59:24.363171
02/01/2024;1;202442;35;2;2;100%;0;0%;0;0%;0;0%;2025-02-04 14:59:24.363171
30/05/2024;1;202442;56;2;2;100%;0;0%;0;0%;0;0%;2025-02-04 14:59:24.363171
05/03/2024;1;202442;50;2;2;100%;0;0%;0;0%;0;0%;2025-02-04 14:59:24.363171
27/08/2024;0;202442;29;2;2;100%;0;0%;0;0%;0;0%;2025-02-04 14:59:24.363171
18/09/2024;1;202442;35;1;1;100%;0;0%;0;0%;0;0%;2025-02-04 14:59:24.363171
18/09/2024;0;202442;50;1;1;100%;0;0%;0;0%;0;0%;2025-02-04 14:59:24.363171
06/09/2024;1;202442;35;2;2;100%;0;0%;0;0%;0;0%;2025-02-04 14:59:24.363171
18/09/2024;1;202442;35;2;2;100%;0;0%;0;0%;0;0%;2025-02-04 14:59:24.363171
17/10/2023;0;202442;29;1;0;0%;0;0%;1;100%;0;0%;2025-02-04 14:59:24.363171
03/06/2024;0;202442;56;2;2;100%;0;0%;0;0%;0;0%;2025-02-04 14:59:24.363171
13/05/2024;1;202442;29;1;1;100%;0;0%;0;0%;0;0%;2025-02-04 14:59:24.363171
29/08/2024;1;202442;29;1;1;100%;0;0%;0;0%;0;0%;2025-02-04 14:59:24.363171
11/10/2024;1;202442;56;1;0;0%;1;100%;0;0%;0;0%;2025-02-04 14:59:24.363171
11/10/2024;0;202442;29;1;0;0%;1;100%;0;0%;0;0%;2025-02-04 14:59:24.363171
06/06/2024;0;202442;56;1;1;100%;0;0%;0;0%;0;0%;2025-02-04 14:59:24.363171
24/07/2024;1;202442;35;1;0;0%;1;100%;0;0%;0;0%;2025-02-04 14:59:24.363171
23/04/2024;1;202442;56;1;1;100%;0;0%;0;0%;0;0%;2025-02-04 14:59:24.363171
23/01/2024;1;202442;44;1;1;100%;0;0%;0;0%;0;0%;2025-02-04 14:59:24.363171
08/11/2023;1;202442;44;1;1;100%;0;0%;0;0%;0;0%;2025-02-04 14:59:24.363171
18/07/2023;1;202442;44;2;2;100%;0;0%;0;0%;0;0%;2025-02-04 14:59:24.363171
17/05/2024;1;202442;44;2;2;100%;0;0%;0;0%;0;0%;2025-02-04 14:59:24.363171
13/07/2023;1;202442;44;1;1;100%;0;0%;0;0%;0;0%;2025-02-04 14:59:24.363171
03/11/2022;1;202442;35;1;1;100%;0;0%;0;0%;0;0%;2025-02-04 14:59:24.363171
10/08/2023;0;202442;29;1;0;0%;1;100%;0;0%;0;0%;2025-02-04 14:59:24.363171
05/05/2023;0;202442;50;1;0;0%;0;0%;0;0%;1;100%;2025-02-04 14:59:24.363171
08/07/2024;1;202442;50;2;2;100%;0;0%;0;0%;0;0%;2025-02-04 14:59:24.363171
15/05/2024;0;202442;50;2;2;100%;0;0%;0;0%;0;0%;2025-02-04 14:59:24.363171
20/06/2023;1;202442;50;1;1;100%;0;0%;0;0%;0;0%;2025-02-04 14:59:24.363171
21/08/2024;0;202442;50;2;2;100%;0;0%;0;0%;0;0%;2025-02-04 14:59:24.363171
12/07/2024;0;202442;50;2;2;100%;0;0%;0;0%;0;0%;2025-02-04 14:59:24.363171
18/09/2024;1;202442;35;3;2;66,67%;0;0%;1;33,33%;0;0%;2025-02-04 14:59:24.363171
05/09/2024;0;202442;44;2;1;50%;1;50%;0;0%;0;0%;2025-02-04 14:59:24.363171
18/09/2024;1;202442;35;2;2;100%;0;0%;0;0%;0;0%;2025-02-04 14:59:24.363171
28/05/2024;1;202442;56;2;2;100%;0;0%;0;0%;0;0%;2025-02-04 14:59:24.363171
11/01/2023;1;202442;56;2;2;100%;0;0%;0;0%;0;0%;2025-02-04 14:59:24.363171
21/12/2023;1;202442;44;1;1;100%;0;0%;0;0%;0;0%;2025-02-04 14:59:24.363171
04/03/2024;1;202442;44;1;1;100%;0;0%;0;0%;0;0%;2025-02-04 14:59:24.363171
15/05/2024;0;202442;35;1;1;100%;0;0%;0;0%;0;0%;2025-02-04 14:59:24.363171
11/10/2024;0;202442;29;2;0;0%;1;50%;1;50%;0;0%;2025-02-04 14:59:24.363171
29/08/2024;1;202442;29;2;2;100%;0;0%;0;0%;0;0%;2025-02-04 14:59:24.363171
11/10/2024;1;202442;29;1;0;0%;1;100%;0;0%;0;0%;2025-02-04 14:59:24.363171
13/05/2024;1;202442;22,35;2;1;50%;1;50%;0;0%;0;0%;2025-02-04 14:59:24.363171
29/08/2024;0;202442;29;1;1;100%;0;0%;0;0%;0;0%;2025-02-04 14:59:24.363171
16/07/2024;1;202442;35;1;1;100%;0;0%;0;0%;0;0%;2025-02-04 14:59:24.363171
23/09/2024;1;202442;50;2;2;100%;0;0%;0;0%;0;0%;2025-02-04 14:59:24.363171
30/08/2023;1;202442;50;1;1;100%;0;0%;0;0%;0;0%;2025-02-04 14:59:24.363171
30/04/2024;1;202442;35;1;0;0%;1;100%;0;0%;0;0%;2025-02-04 14:59:24.363171
30/04/2024;1;202442;50;4;4;100%;0;0%;0;0%;0;0%;2025-02-04 14:59:24.363171
18/07/2023;1;202442;56;1;1;100%;0;0%;0;0%;0;0%;2025-02-04 14:59:24.363171
26/04/2021;1;202442;50;1;1;100%;0;0%;0;0%;0;0%;2025-02-04 14:59:24.363171
07/07/2023;1;202442;29;2;2;100%;0;0%;0;0%;0;0%;2025-02-04 14:59:24.363171
01/08/2023;1;202442;44;1;1;100%;0;0%;0;0%;0;0%;2025-02-04 14:59:24.363171
22/11/2023;1;202442;29;2;1;50%;0;0%;1;50%;0;0%;2025-02-04 14:59:24.363171
10/05/2024;1;202442;29,56;9;9;100%;0;0%;0;0%;0;0%;2025-02-04 14:59:24.363171
26/10/2022;1;202442;29;1;1;100%;0;0%;0;0%;0;0%;2025-02-04 14:59:24.363171
05/02/2024;1;202442;50;1;1;100%;0;0%;0;0%;0;0%;2025-02-04 14:59:24.363171
08/01/2024;1;202442;56;1;1;100%;0;0%;0;0%;0;0%;2025-02-04 14:59:24.363171
22/09/2023;1;202442;29;1;1;100%;0;0%;0;0%;0;0%;2025-02-04 14:59:24.363171
25/04/2024;1;202442;44;1;1;100%;0;0%;0;0%;0;0%;2025-02-04 14:59:24.363171
01/03/2023;1;202442;50;2;2;100%;0;0%;0;0%;0;0%;2025-02-04 14:59:24.363171
02/03/2022;1;202442;29;2;0;0%;2;100%;0;0%;0;0%;2025-02-04 14:59:24.363171
21/05/2024;1;202442;35;1;0;0%;0;0%;0;0%;1;100%;2025-02-04 14:59:24.363171
14/02/2023;1;202442;50;1;1;100%;0;0%;0;0%;0;0%;2025-02-04 14:59:24.363171
06/06/2024;1;202442;44;1;1;100%;0;0%;0;0%;0;0%;2025-02-04 14:59:24.363171
06/06/2024;1;202442;44;2;2;100%;0;0%;0;0%;0;0%;2025-02-04 14:59:24.363171
23/01/2024;1;202442;44;1;1;100%;0;0%;0;0%;0;0%;2025-02-04 14:59:24.363171
13/05/2024;1;202442;29;1;1;100%;0;0%;0;0%;0;0%;2025-02-04 14:59:24.363171
15/04/2024;1;202442;29,56;2;2;100%;0;0%;0;0%;0;0%;2025-02-04 14:59:24.363171
24/07/2023;1;202442;35;1;1;100%;0;0%;0;0%;0;0%;2025-02-04 14:59:24.363171
20/09/2022;1;202442;35;1;1;100%;0;0%;0;0%;0;0%;2025-02-04 14:59:24.363171
09/09/2024;1;202442;35;2;2;100%;0;0%;0;0%;0;0%;2025-02-04 14:59:24.363171
11/09/2024;0;202442;35;2;2;100%;0;0%;0;0%;0;0%;2025-02-04 14:59:24.363171
03/09/2024;1;202442;56;1;1;100%;0;0%;0;0%;0;0%;2025-02-04 14:59:24.363171
13/06/2024;1;202442;35;2;2;100%;0;0%;0;0%;0;0%;2025-02-04 14:59:24.363171
07/10/2024;1;202442;35;3;1;33,33%;1;33,33%;0;0%;1;33,33%;2025-02-04 14:59:24.363171
06/06/2023;1;202442;56;1;1;100%;0;0%;0;0%;0;0%;2025-02-04 14:59:24.363171
28/07/2023;1;202442;56;1;1;100%;0;0%;0;0%;0;0%;2025-02-04 14:59:24.363171
21/10/2022;1;202443;35;2;2;100%;0;0%;0;0%;0;0%;2025-02-04 14:59:24.363171
12/09/2023;1;202443;35;2;2;100%;0;0%;0;0%;0;0%;2025-02-04 14:59:24.363171
05/06/2023;1;202443;35;3;3;100%;0;0%;0;0%;0;0%;2025-02-04 14:59:24.363171
07/06/2024;1;202443;56;2;1;50%;1;50%;0;0%;0;0%;2025-02-04 14:59:24.363171
01/03/2023;1;202443;35;2;2;100%;0;0%;0;0%;0;0%;2025-02-04 14:59:24.363171
30/05/2024;1;202443;56;1;1;100%;0;0%;0;0%;0;0%;2025-02-04 14:59:24.363171
06/09/2024;1;202443;35;2;1;50%;0;0%;0;0%;1;50%;2025-02-04 14:59:24.363171
17/10/2023;0;202443;29;2;2;100%;0;0%;0;0%;0;0%;2025-02-04 14:59:24.363171
03/06/2024;0;202443;56;1;1;100%;0;0%;0;0%;0;0%;2025-02-04 14:59:24.363171
13/05/2024;1;202443;29;1;1;100%;0;0%;0;0%;0;0%;2025-02-04 14:59:24.363171
11/10/2024;1;202443;56;2;1;50%;1;50%;0;0%;0;0%;2025-02-04 14:59:24.363171
11/10/2024;0;202443;29;2;1;50%;1;50%;0;0%;0;0%;2025-02-04 14:59:24.363171
06/06/2024;0;202443;56;1;1;100%;0;0%;0;0%;0;0%;2025-02-04 14:59:24.363171
24/07/2024;1;202443;35;2;1;50%;0;0%;0;0%;1;50%;2025-02-04 14:59:24.363171
23/04/2024;1;202443;56;2;1;50%;0;0%;0;0%;1;50%;2025-02-04 14:59:24.363171
03/08/2023;1;202443;56;2;2;100%;0;0%;0;0%;0;0%;2025-02-04 14:59:24.363171
08/11/2023;1;202443;44;2;2;100%;0;0%;0;0%;0;0%;2025-02-04 14:59:24.363171
18/07/2023;1;202443;44;1;1;100%;0;0%;0;0%;0;0%;2025-02-04 14:59:24.363171
24/07/2023;1;202443;44;2;1;50%;0;0%;0;0%;1;50%;2025-02-04 14:59:24.363171
12/01/2024;1;202443;44;3;3;100%;0;0%;0;0%;0;0%;2025-02-04 14:59:24.363171
13/07/2023;1;202443;44;2;2;100%;0;0%;0;0%;0;0%;2025-02-04 14:59:24.363171
03/11/2022;1;202443;35;2;2;100%;0;0%;0;0%;0;0%;2025-02-04 14:59:24.363171
10/08/2023;0;202443;29;2;2;100%;0;0%;0;0%;0;0%;2025-02-04 14:59:24.363171
18/10/2024;0;202443;50;1;1;100%;0;0%;0;0%;0;0%;2025-02-04 14:59:24.363171
23/10/2024;1;202443;50;1;1;100%;0;0%;0;0%;0;0%;2025-02-04 14:59:24.363171
20/06/2023;1;202443;50;2;1;50%;1;50%;0;0%;0;0%;2025-02-04 14:59:24.363171
14/02/2024;1;202443;50;3;3;100%;0;0%;0;0%;0;0%;2025-02-04 14:59:24.363171
18/09/2024;1;202443;35;2;1;50%;0;0%;0;0%;1;50%;2025-02-04 14:59:24.363171
05/09/2024;0;202443;44;1;1;100%;0;0%;0;0%;0;0%;2025-02-04 14:59:24.363171
28/05/2024;1;202443;56;1;1;100%;0;0%;0;0%;0;0%;2025-02-04 14:59:24.363171
21/12/2023;1;202443;44;1;1;100%;0;0%;0;0%;0;0%;2025-02-04 14:59:24.363171
04/03/2024;1;202443;44;1;1;100%;0;0%;0;0%;0;0%;2025-02-04 14:59:24.363171
15/05/2024;0;202443;35;2;2;100%;0;0%;0;0%;0;0%;2025-02-04 14:59:24.363171
11/10/2024;0;202443;29;1;0;0%;1;100%;0;0%;0;0%;2025-02-04 14:59:24.363171
11/10/2024;1;202443;29;2;2;100%;0;0%;0;0%;0;0%;2025-02-04 14:59:24.363171
13/05/2024;1;202443;35;2;1;50%;0;0%;0;0%;1;50%;2025-02-04 14:59:24.363171
02/03/2023;1;202443;56;2;2;100%;0;0%;0;0%;0;0%;2025-02-04 14:59:24.363171
30/08/2023;1;202443;50;1;1;100%;0;0%;0;0%;0;0%;2025-02-04 14:59:24.363171
30/04/2024;1;202443;35;3;3;100%;0;0%;0;0%;0;0%;2025-02-04 14:59:24.363171
19/10/2021;1;202443;29;3;3;100%;0;0%;0;0%;0;0%;2025-02-04 14:59:24.363171
10/06/2022;1;202443;29;2;2;100%;0;0%;0;0%;0;0%;2025-02-04 14:59:24.363171
18/07/2023;1;202443;56;1;1;100%;0;0%;0;0%;0;0%;2025-02-04 14:59:24.363171
26/04/2021;1;202443;50;1;0;0%;0;0%;0;0%;1;100%;2025-02-04 14:59:24.363171
01/08/2023;1;202443;44;2;2;100%;0;0%;0;0%;0;0%;2025-02-04 14:59:24.363171
10/05/2024;1;202443;29;7;5;71,43%;2;28,57%;0;0%;0;0%;2025-02-04 14:59:24.363171
26/10/2022;1;202443;29;1;1;100%;0;0%;0;0%;0;0%;2025-02-04 14:59:24.363171
04/04/2024;1;202443;29;3;3;100%;0;0%;0;0%;0;0%;2025-02-04 14:59:24.363171
05/02/2024;1;202443;50;1;1;100%;0;0%;0;0%;0;0%;2025-02-04 14:59:24.363171
23/01/2024;1;202443;35;2;2;100%;0;0%;0;0%;0;0%;2025-02-04 14:59:24.363171
08/01/2024;1;202443;56;2;2;100%;0;0%;0;0%;0;0%;2025-02-04 14:59:24.363171
22/09/2023;1;202443;29;2;2;100%;0;0%;0;0%;0;0%;2025-02-04 14:59:24.363171
25/04/2024;1;202443;44;1;1;100%;0;0%;0;0%;0;0%;2025-02-04 14:59:24.363171
27/10/2022;1;202443;29;2;0;0%;0;0%;2;100%;0;0%;2025-02-04 14:59:24.363171
16/12/2022;0;202443;29;2;2;100%;0;0%;0;0%;0;0%;2025-02-04 14:59:24.363171
19/10/2021;1;202443;29;3;2;66,67%;1;33,33%;0;0%;0;0%;2025-02-04 14:59:24.363171
23/09/2021;1;202443;29;2;1;50%;1;50%;0;0%;0;0%;2025-02-04 14:59:24.363171
02/03/2022;1;202443;29;1;1;100%;0;0%;0;0%;0;0%;2025-02-04 14:59:24.363171
23/01/2024;1;202443;35;2;2;100%;0;0%;0;0%;0;0%;2025-02-04 14:59:24.363171
22/09/2023;1;202443;29;3;3;100%;0;0%;0;0%;0;0%;2025-02-04 14:59:24.363171
21/05/2024;1;202443;35;3;3;100%;0;0%;0;0%;0;0%;2025-02-04 14:59:24.363171
14/02/2023;1;202443;50;2;2;100%;0;0%;0;0%;0;0%;2025-02-04 14:59:24.363171
15/04/2022;1;202443;29;3;3;100%;0;0%;0;0%;0;0%;2025-02-04 14:59:24.363171
09/01/2023;1;202443;44;2;2;100%;0;0%;0;0%;0;0%;2025-02-04 14:59:24.363171
09/01/2023;1;202443;44;4;1;25%;2;50%;0;0%;1;25%;2025-02-04 14:59:24.363171
09/01/2023;1;202443;44;2;2;100%;0;0%;0;0%;0;0%;2025-02-04 14:59:24.363171
06/06/2024;1;202443;44;2;2;100%;0;0%;0;0%;0;0%;2025-02-04 14:59:24.363171
13/05/2024;1;202443;29;2;2;100%;0;0%;0;0%;0;0%;2025-02-04 14:59:24.363171
03/08/2023;1;202443;56;2;2;100%;0;0%;0;0%;0;0%;2025-02-04 14:59:24.363171
06/10/2023;1;202443;56;2;1;50%;0;0%;1;50%;0;0%;2025-02-04 14:59:24.363171
23/11/2023;0;202443;35;3;1;33,33%;2;66,67%;0;0%;0;0%;2025-02-04 14:59:24.363171
17/10/2024;1;202443;35;2;2;100%;0;0%;0;0%;0;0%;2025-02-04 14:59:24.363171
24/07/2023;1;202443;35;2;1;50%;1;50%;0;0%;0;0%;2025-02-04 14:59:24.363171
01/03/2024;1;202443;35;3;3;100%;0;0%;0;0%;0;0%;2025-02-04 14:59:24.363171
20/09/2022;1;202443;35;1;1;100%;0;0%;0;0%;0;0%;2025-02-04 14:59:24.363171
10/07/2024;0;202443;35;3;3;100%;0;0%;0;0%;0;0%;2025-02-04 14:59:24.363171
13/06/2024;1;202443;35;1;1;100%;0;0%;0;0%;0;0%;2025-02-04 14:59:24.363171
06/06/2023;1;202443;56;2;2;100%;0;0%;0;0%;0;0%;2025-02-04 14:59:24.363171
28/07/2023;1;202443;56;2;2;100%;0;0%;0;0%;0;0%;2025-02-04 14:59:24.363171
04/03/2024;1;202443;56;2;2;100%;0;0%;0;0%;0;0%;2025-02-04 14:59:24.363171
21/10/2022;1;202444;35;2;1;50%;0;0%;1;50%;0;0%;2025-02-04 14:59:24.363171
12/09/2023;1;202444;35;1;1;100%;0;0%;0;0%;0;0%;2025-02-04 14:59:24.363171
05/06/2023;1;202444;35;2;2;100%;0;0%;0;0%;0;0%;2025-02-04 14:59:24.363171
02/01/2024;1;202444;35;2;2;100%;0;0%;0;0%;0;0%;2025-02-04 14:59:24.363171
01/03/2023;1;202444;35;2;2;100%;0;0%;0;0%;0;0%;2025-02-04 14:59:24.363171
30/05/2024;1;202444;56;1;1;100%;0;0%;0;0%;0;0%;2025-02-04 14:59:24.363171
05/03/2024;1;202444;35;1;1;100%;0;0%;0;0%;0;0%;2025-02-04 14:59:24.363171
18/09/2024;1;202444;35;1;1;100%;0;0%;0;0%;0;0%;2025-02-04 14:59:24.363171
18/09/2024;0;202444;35;1;1;100%;0;0%;0;0%;0;0%;2025-02-04 14:59:24.363171
17/10/2023;0;202444;29;1;1;100%;0;0%;0;0%;0;0%;2025-02-04 14:59:24.363171
13/05/2024;1;202444;29;1;0;0%;1;100%;0;0%;0;0%;2025-02-04 14:59:24.363171
29/08/2024;1;202444;29;2;1;50%;1;50%;0;0%;0;0%;2025-02-04 14:59:24.363171
11/10/2024;1;202444;56;1;1;100%;0;0%;0;0%;0;0%;2025-02-04 14:59:24.363171
06/06/2024;0;202444;56;1;1;100%;0;0%;0;0%;0;0%;2025-02-04 14:59:24.363171
03/08/2023;1;202444;56;1;1;100%;0;0%;0;0%;0;0%;2025-02-04 14:59:24.363171
08/11/2023;1;202444;44;1;0;0%;1;100%;0;0%;0;0%;2025-02-04 14:59:24.363171
18/07/2023;1;202444;44;1;1;100%;0;0%;0;0%;0;0%;2025-02-04 14:59:24.363171
17/05/2024;1;202444;44;1;1;100%;0;0%;0;0%;0;0%;2025-02-04 14:59:24.363171
24/07/2023;1;202444;44;2;2;100%;0;0%;0;0%;0;0%;2025-02-04 14:59:24.363171
13/07/2023;1;202444;44;1;0;0%;0;0%;1;100%;0;0%;2025-02-04 14:59:24.363171
03/11/2022;1;202444;35;1;1;100%;0;0%;0;0%;0;0%;2025-02-04 14:59:24.363171
10/08/2023;0;202444;29;1;1;100%;0;0%;0;0%;0;0%;2025-02-04 14:59:24.363171
29/01/2024;0;202444;50;2;1;50%;0;0%;0;0%;1;50%;2025-02-04 14:59:24.363171
05/05/2023;0;202444;50;1;1;100%;0;0%;0;0%;0;0%;2025-02-04 14:59:24.363171
15/05/2024;0;202444;50;1;1;100%;0;0%;0;0%;0;0%;2025-02-04 14:59:24.363171
18/10/2024;0;202444;50;3;3;100%;0;0%;0;0%;0;0%;2025-02-04 14:59:24.363171
23/10/2024;1;202444;50;3;3;100%;0;0%;0;0%;0;0%;2025-02-04 14:59:24.363171
20/06/2023;1;202444;50;2;2;100%;0;0%;0;0%;0;0%;2025-02-04 14:59:24.363171
21/08/2024;0;202444;50;1;1;100%;0;0%;0;0%;0;0%;2025-02-04 14:59:24.363171
14/02/2024;1;202444;50;1;1;100%;0;0%;0;0%;0;0%;2025-02-04 14:59:24.363171
18/09/2024;1;202444;35;1;1;100%;0;0%;0;0%;0;0%;2025-02-04 14:59:24.363171
05/09/2024;0;202444;44;1;1;100%;0;0%;0;0%;0;0%;2025-02-04 14:59:24.363171
18/09/2024;1;202444;35;1;1;100%;0;0%;0;0%;0;0%;2025-02-04 14:59:24.363171
28/05/2024;1;202444;56;2;1;50%;1;50%;0;0%;0;0%;2025-02-04 14:59:24.363171
11/01/2023;1;202444;56;1;1;100%;0;0%;0;0%;0;0%;2025-02-04 14:59:24.363171
21/12/2023;1;202444;44;1;1;100%;0;0%;0;0%;0;0%;2025-02-04 14:59:24.363171
04/03/2024;1;202444;44;2;2;100%;0;0%;0;0%;0;0%;2025-02-04 14:59:24.363171
15/05/2024;0;202444;35;1;0;0%;1;100%;0;0%;0;0%;2025-02-04 14:59:24.363171
11/10/2024;1;202444;29;1;1;100%;0;0%;0;0%;0;0%;2025-02-04 14:59:24.363171
29/08/2024;0;202444;29;1;1;100%;0;0%;0;0%;0;0%;2025-02-04 14:59:24.363171
16/07/2024;1;202444;35;1;1;100%;0;0%;0;0%;0;0%;2025-02-04 14:59:24.363171
02/03/2023;1;202444;56;1;1;100%;0;0%;0;0%;0;0%;2025-02-04 14:59:24.363171
23/09/2024;1;202444;50;1;1;100%;0;0%;0;0%;0;0%;2025-02-04 14:59:24.363171
30/08/2023;1;202444;50;1;1;100%;0;0%;0;0%;0;0%;2025-02-04 14:59:24.363171
30/04/2024;1;202444;35;1;0;0%;0;0%;1;100%;0;0%;2025-02-04 14:59:24.363171
19/10/2021;1;202444;29;1;1;100%;0;0%;0;0%;0;0%;2025-02-04 14:59:24.363171
10/06/2022;1;202444;29;2;2;100%;0;0%;0;0%;0;0%;2025-02-04 14:59:24.363171
18/07/2023;1;202444;56;1;1;100%;0;0%;0;0%;0;0%;2025-02-04 14:59:24.363171
07/07/2023;1;202444;29;2;2;100%;0;0%;0;0%;0;0%;2025-02-04 14:59:24.363171
22/11/2023;1;202444;29;1;1;100%;0;0%;0;0%;0;0%;2025-02-04 14:59:24.363171
10/05/2024;1;202444;29;7;6;85,71%;1;14,29%;0;0%;0;0%;2025-02-04 14:59:24.363171
26/10/2022;1;202444;29;1;1;100%;0;0%;0;0%;0;0%;2025-02-04 14:59:24.363171
05/02/2024;1;202444;50;1;1;100%;0;0%;0;0%;0;0%;2025-02-04 14:59:24.363171
23/01/2024;1;202444;35;2;2;100%;0;0%;0;0%;0;0%;2025-02-04 14:59:24.363171
08/01/2024;1;202444;56;1;1;100%;0;0%;0;0%;0;0%;2025-02-04 14:59:24.363171
22/09/2023;1;202444;29;1;1;100%;0;0%;0;0%;0;0%;2025-02-04 14:59:24.363171
25/04/2024;1;202444;44;2;2;100%;0;0%;0;0%;0;0%;2025-02-04 14:59:24.363171
01/03/2023;1;202444;50;3;0;0%;0;0%;1;33,33%;2;66,67%;2025-02-04 14:59:24.363171
19/10/2021;1;202444;29;1;1;100%;0;0%;0;0%;0;0%;2025-02-04 14:59:24.363171
23/09/2021;1;202444;29;2;2;100%;0;0%;0;0%;0;0%;2025-02-04 14:59:24.363171
02/03/2022;1;202444;29;1;1;100%;0;0%;0;0%;0;0%;2025-02-04 14:59:24.363171
23/01/2024;1;202444;35;1;1;100%;0;0%;0;0%;0;0%;2025-02-04 14:59:24.363171
22/09/2023;1;202444;29;1;1;100%;0;0%;0;0%;0;0%;2025-02-04 14:59:24.363171
21/05/2024;1;202444;35;1;1;100%;0;0%;0;0%;0;0%;2025-02-04 14:59:24.363171
14/02/2023;1;202444;50;1;1;100%;0;0%;0;0%;0;0%;2025-02-04 14:59:24.363171
15/04/2022;1;202444;29;1;1;100%;0;0%;0;0%;0;0%;2025-02-04 14:59:24.363171
09/01/2023;1;202444;44;2;1;50%;0;0%;0;0%;1;50%;2025-02-04 14:59:24.363171
09/01/2023;1;202444;44;1;1;100%;0;0%;0;0%;0;0%;2025-02-04 14:59:24.363171
06/06/2024;1;202444;44;1;1;100%;0;0%;0;0%;0;0%;2025-02-04 14:59:24.363171
23/01/2024;1;202444;44;2;2;100%;0;0%;0;0%;0;0%;2025-02-04 14:59:24.363171
13/05/2024;1;202444;29;1;1;100%;0;0%;0;0%;0;0%;2025-02-04 14:59:24.363171
03/08/2023;1;202444;56;1;1;100%;0;0%;0;0%;0;0%;2025-02-04 14:59:24.363171
06/10/2023;1;202444;56;1;0;0%;1;100%;0;0%;0;0%;2025-02-04 14:59:24.363171
17/10/2024;1;202444;35;1;1;100%;0;0%;0;0%;0;0%;2025-02-04 14:59:24.363171
24/07/2023;1;202444;35;1;1;100%;0;0%;0;0%;0;0%;2025-02-04 14:59:24.363171
01/03/2024;1;202444;35;1;1;100%;0;0%;0;0%;0;0%;2025-02-04 14:59:24.363171
20/09/2022;1;202444;35;1;1;100%;0;0%;0;0%;0;0%;2025-02-04 14:59:24.363171
03/09/2024;1;202444;56;1;0;0%;0;0%;1;100%;0;0%;2025-02-04 14:59:24.363171
06/06/2023;1;202444;56;1;1;100%;0;0%;0;0%;0;0%;2025-02-04 14:59:24.363171
28/07/2023;1;202444;56;1;1;100%;0;0%;0;0%;0;0%;2025-02-04 14:59:24.363171
04/03/2024;1;202444;56;2;2;100%;0;0%;0;0%;0;0%;2025-02-04 14:59:24.363171
07/06/2024;1;202445;56;2;1;50%;1;50%;0;0%;0;0%;2025-02-04 14:59:24.363171
01/03/2023;1;202445;35;3;2;66,67%;0;0%;1;33,33%;0;0%;2025-02-04 14:59:24.363171
18/09/2024;1;202445;35;1;1;100%;0;0%;0;0%;0;0%;2025-02-04 14:59:24.363171
18/09/2024;1;202445;35;1;1;100%;0;0%;0;0%;0;0%;2025-02-04 14:59:24.363171
17/10/2023;0;202445;29;1;0;0%;1;100%;0;0%;0;0%;2025-02-04 14:59:24.363171
03/06/2024;0;202445;56;1;1;100%;0;0%;0;0%;0;0%;2025-02-04 14:59:24.363171
13/05/2024;1;202445;29;2;2;100%;0;0%;0;0%;0;0%;2025-02-04 14:59:24.363171
11/10/2024;0;202445;29;1;0;0%;0;0%;0;0%;1;100%;2025-02-04 14:59:24.363171
24/07/2024;1;202445;35;1;1;100%;0;0%;0;0%;0;0%;2025-02-04 14:59:24.363171
23/04/2024;1;202445;56;1;0;0%;0;0%;1;100%;0;0%;2025-02-04 14:59:24.363171
23/01/2024;1;202445;44;1;1;100%;0;0%;0;0%;0;0%;2025-02-04 14:59:24.363171
17/05/2024;1;202445;44;1;1;100%;0;0%;0;0%;0;0%;2025-02-04 14:59:24.363171
24/07/2023;1;202445;44;1;0;0%;0;0%;1;100%;0;0%;2025-02-04 14:59:24.363171
12/01/2024;1;202445;44;2;1;50%;0;0%;1;50%;0;0%;2025-02-04 14:59:24.363171
13/07/2023;1;202445;44;3;0;0%;1;33,33%;2;66,67%;0;0%;2025-02-04 14:59:24.363171
03/11/2022;1;202445;35;2;1;50%;1;50%;0;0%;0;0%;2025-02-04 14:59:24.363171
29/01/2024;0;202445;50;6;4;66,67%;1;16,67%;1;16,67%;0;0%;2025-02-04 14:59:24.363171
05/05/2023;0;202445;50;2;1;50%;1;50%;0;0%;0;0%;2025-02-04 14:59:24.363171
08/07/2024;1;202445;50;2;1;50%;0;0%;1;50%;0;0%;2025-02-04 14:59:24.363171
21/08/2024;0;202445;50;1;0;0%;0;0%;1;100%;0;0%;2025-02-04 14:59:24.363171
12/07/2024;0;202445;50;1;0;0%;0;0%;1;100%;0;0%;2025-02-04 14:59:24.363171
14/02/2024;1;202445;50;2;1;50%;1;50%;0;0%;0;0%;2025-02-04 14:59:24.363171
18/09/2024;1;202445;35;1;0;0%;0;0%;1;100%;0;0%;2025-02-04 14:59:24.363171
28/05/2024;1;202445;56;4;0;0%;3;75%;0;0%;1;25%;2025-02-04 14:59:24.363171
11/01/2023;1;202445;56;1;1;100%;0;0%;0;0%;0;0%;2025-02-04 14:59:24.363171
21/12/2023;1;202445;44;1;1;100%;0;0%;0;0%;0;0%;2025-02-04 14:59:24.363171
04/03/2024;1;202445;44;2;2;100%;0;0%;0;0%;0;0%;2025-02-04 14:59:24.363171
15/05/2024;0;202445;35;2;0;0%;1;50%;1;50%;0;0%;2025-02-04 14:59:24.363171
29/08/2024;1;202445;29;1;0;0%;0;0%;1;100%;0;0%;2025-02-04 14:59:24.363171
11/10/2024;1;202445;29;2;1;50%;1;50%;0;0%;0;0%;2025-02-04 14:59:24.363171
02/03/2023;1;202445;56;1;1;100%;0;0%;0;0%;0;0%;2025-02-04 14:59:24.363171
30/08/2023;1;202445;50;1;0;0%;0;0%;0;0%;1;100%;2025-02-04 14:59:24.363171
18/07/2023;1;202445;56;3;1;33,33%;0;0%;2;66,67%;0;0%;2025-02-04 14:59:24.363171
07/07/2023;1;202445;29;4;1;25%;2;50%;1;25%;0;0%;2025-02-04 14:59:24.363171
01/08/2023;1;202445;44;2;1;50%;0;0%;1;50%;0;0%;2025-02-04 14:59:24.363171
10/05/2024;1;202445;29;14;14;100%;0;0%;0;0%;0;0%;2025-02-04 14:59:24.363171
26/10/2022;1;202445;29;3;1;33,33%;1;33,33%;1;33,33%;0;0%;2025-02-04 14:59:24.363171
04/04/2024;1;202445;29;1;1;100%;0;0%;0;0%;0;0%;2025-02-04 14:59:24.363171
05/02/2024;1;202445;50;4;2;50%;2;50%;0;0%;0;0%;2025-02-04 14:59:24.363171
08/01/2024;1;202445;56;1;1;100%;0;0%;0;0%;0;0%;2025-02-04 14:59:24.363171
27/10/2022;1;202445;29;1;1;100%;0;0%;0;0%;0;0%;2025-02-04 14:59:24.363171
02/03/2022;1;202445;29;1;0;0%;0;0%;1;100%;0;0%;2025-02-04 14:59:24.363171
22/09/2023;1;202445;29;2;0;0%;0;0%;2;100%;0;0%;2025-02-04 14:59:24.363171
21/05/2024;1;202445;35;2;1;50%;0;0%;1;50%;0;0%;2025-02-04 14:59:24.363171
09/01/2023;1;202445;44;1;1;100%;0;0%;0;0%;0;0%;2025-02-04 14:59:24.363171
09/01/2023;1;202445;44;3;2;66,67%;1;33,33%;0;0%;0;0%;2025-02-04 14:59:24.363171
09/01/2023;1;202445;44;1;1;100%;0;0%;0;0%;0;0%;2025-02-04 14:59:24.363171
06/06/2024;1;202445;44;3;2;66,67%;1;33,33%;0;0%;0;0%;2025-02-04 14:59:24.363171
06/06/2024;1;202445;44;2;1;50%;0;0%;1;50%;0;0%;2025-02-04 14:59:24.363171
23/01/2024;1;202445;44;1;1;100%;0;0%;0;0%;0;0%;2025-02-04 14:59:24.363171
03/08/2023;1;202445;56;1;1;100%;0;0%;0;0%;0;0%;2025-02-04 14:59:24.363171
15/04/2024;1;202445;29;2;0;0%;0;0%;2;100%;0;0%;2025-02-04 14:59:24.363171
06/10/2023;1;202445;56;2;1;50%;1;50%;0;0%;0;0%;2025-02-04 14:59:24.363171
17/10/2024;1;202445;35;1;1;100%;0;0%;0;0%;0;0%;2025-02-04 14:59:24.363171
01/03/2024;1;202445;35;1;1;100%;0;0%;0;0%;0;0%;2025-02-04 14:59:24.363171
20/09/2022;1;202445;35;2;1;50%;1;50%;0;0%;0;0%;2025-02-04 14:59:24.363171
09/09/2024;1;202445;35;1;0;0%;0;0%;1;100%;0;0%;2025-02-04 14:59:24.363171
11/09/2024;0;202445;35;1;1;100%;0;0%;0;0%;0;0%;2025-02-04 14:59:24.363171
28/07/2023;1;202445;56;1;1;100%;0;0%;0;0%;0;0%;2025-02-04 14:59:24.363171
18/09/2024;1;202446;35;1;0;0%;0;0%;0;0%;1;100%;2025-02-04 14:59:24.363171
18/09/2024;1;202446;35;1;0;0%;1;100%;0;0%;0;0%;2025-02-04 14:59:24.363171
29/08/2024;1;202446;29;1;0;0%;0;0%;0;0%;1;100%;2025-02-04 14:59:24.363171
11/10/2024;0;202446;29;1;1;100%;0;0%;0;0%;0;0%;2025-02-04 14:59:24.363171
03/08/2023;1;202446;56;1;1;100%;0;0%;0;0%;0;0%;2025-02-04 14:59:24.363171
12/01/2024;1;202446;44;1;0;0%;0;0%;0;0%;1;100%;2025-02-04 14:59:24.363171
18/09/2024;1;202446;35;1;1;100%;0;0%;0;0%;0;0%;2025-02-04 14:59:24.363171
28/05/2024;1;202446;56;1;1;100%;0;0%;0;0%;0;0%;2025-02-04 14:59:24.363171
29/08/2024;1;202446;29;1;1;100%;0;0%;0;0%;0;0%;2025-02-04 14:59:24.363171
13/05/2024;1;202446;35;1;0;0%;0;0%;0;0%;1;100%;2025-02-04 14:59:24.363171
23/09/2024;1;202446;50;1;1;100%;0;0%;0;0%;0;0%;2025-02-04 14:59:24.363171
30/08/2023;1;202446;50;1;1;100%;0;0%;0;0%;0;0%;2025-02-04 14:59:24.363171
19/10/2021;1;202446;29;1;0;0%;1;100%;0;0%;0;0%;2025-02-04 14:59:24.363171
10/05/2024;1;202446;29;4;4;100%;0;0%;0;0%;0;0%;2025-02-04 14:59:24.363171
26/10/2022;1;202446;29;1;1;100%;0;0%;0;0%;0;0%;2025-02-04 14:59:24.363171
23/01/2024;1;202446;35;2;0;0%;1;50%;0;0%;1;50%;2025-02-04 14:59:24.363171
22/09/2023;1;202446;29;1;0;0%;1;100%;0;0%;0;0%;2025-02-04 14:59:24.363171
25/04/2024;1;202446;44;1;0;0%;0;0%;1;100%;0;0%;2025-02-04 14:59:24.363171
01/03/2023;1;202446;50;1;1;100%;0;0%;0;0%;0;0%;2025-02-04 14:59:24.363171
27/10/2022;1;202446;29;1;1;100%;0;0%;0;0%;0;0%;2025-02-04 14:59:24.363171
14/02/2023;1;202446;50;1;0;0%;1;100%;0;0%;0;0%;2025-02-04 14:59:24.363171
09/01/2023;1;202446;44;1;0;0%;0;0%;0;0%;1;100%;2025-02-04 14:59:24.363171
17/10/2024;1;202446;35;1;0;0%;1;100%;0;0%;0;0%;2025-02-04 14:59:24.363171
01/03/2024;1;202446;35;1;0;0%;1;100%;0;0%;0;0%;2025-02-04 14:59:24.363171
11/09/2024;0;202446;35;4;2;50%;1;25%;0;0%;1;25%;2025-02-04 14:59:24.363171
28/07/2023;1;202446;56;1;1;100%;0;0%;0;0%;0;0%;2025-02-04 14:59:24.363171
21/10/2022;1;202447;35;1;1;100%;0;0%;0;0%;0;0%;2025-02-04 14:59:24.363171
05/06/2023;1;202447;35;1;1;100%;0;0%;0;0%;0;0%;2025-02-04 14:59:24.363171
05/03/2024;1;202447;35;2;1;50%;0;0%;0;0%;1;50%;2025-02-04 14:59:24.363171
18/09/2024;1;202447;35;1;1;100%;0;0%;0;0%;0;0%;2025-02-04 14:59:24.363171
18/09/2024;0;202447;35;1;1;100%;0;0%;0;0%;0;0%;2025-02-04 14:59:24.363171
18/09/2024;1;202447;35;3;2;66,67%;0;0%;0;0%;1;33,33%;2025-02-04 14:59:24.363171
13/05/2024;1;202447;29;1;1;100%;0;0%;0;0%;0;0%;2025-02-04 14:59:24.363171
29/08/2024;1;202447;29;1;1;100%;0;0%;0;0%;0;0%;2025-02-04 14:59:24.363171
11/10/2024;1;202447;56;2;2;100%;0;0%;0;0%;0;0%;2025-02-04 14:59:24.363171
11/10/2024;0;202447;29;2;2;100%;0;0%;0;0%;0;0%;2025-02-04 14:59:24.363171
18/07/2023;1;202447;44;2;2;100%;0;0%;0;0%;0;0%;2025-02-04 14:59:24.363171
17/05/2024;1;202447;44;1;0;0%;0;0%;0;0%;1;100%;2025-02-04 14:59:24.363171
12/01/2024;1;202447;44;1;1;100%;0;0%;0;0%;0;0%;2025-02-04 14:59:24.363171
28/05/2024;1;202447;29;2;2;100%;0;0%;0;0%;0;0%;2025-02-04 14:59:24.363171
18/10/2024;0;202447;50;2;1;50%;0;0%;1;50%;0;0%;2025-02-04 14:59:24.363171
23/10/2024;1;202447;50;1;1;100%;0;0%;0;0%;0;0%;2025-02-04 14:59:24.363171
23/10/2024;0;202447;50;1;1;100%;0;0%;0;0%;0;0%;2025-02-04 14:59:24.363171
18/09/2024;1;202447;35;1;1;100%;0;0%;0;0%;0;0%;2025-02-04 14:59:24.363171
28/10/2024;1;202447;44;2;2;100%;0;0%;0;0%;0;0%;2025-02-04 14:59:24.363171
29/08/2024;1;202447;29;2;1;50%;1;50%;0;0%;0;0%;2025-02-04 14:59:24.363171
11/10/2024;1;202447;29;2;2;100%;0;0%;0;0%;0;0%;2025-02-04 14:59:24.363171
23/09/2024;1;202447;50;2;2;100%;0;0%;0;0%;0;0%;2025-02-04 14:59:24.363171
30/08/2023;1;202447;50;1;1;100%;0;0%;0;0%;0;0%;2025-02-04 14:59:24.363171
29/10/2024;1;202447;29;2;2;100%;0;0%;0;0%;0;0%;2025-02-04 14:59:24.363171
18/07/2023;1;202447;56;1;1;100%;0;0%;0;0%;0;0%;2025-02-04 14:59:24.363171
26/04/2021;1;202447;50;2;2;100%;0;0%;0;0%;0;0%;2025-02-04 14:59:24.363171
07/07/2023;1;202447;29;1;1;100%;0;0%;0;0%;0;0%;2025-02-04 14:59:24.363171
05/02/2024;1;202447;50;1;0;0%;0;0%;0;0%;1;100%;2025-02-04 14:59:24.363171
01/03/2023;1;202447;50;3;3;100%;0;0%;0;0%;0;0%;2025-02-04 14:59:24.363171
22/09/2023;1;202447;29;2;1;50%;0;0%;0;0%;1;50%;2025-02-04 14:59:24.363171
07/08/2024;0;202447;50;2;1;50%;1;50%;0;0%;0;0%;2025-02-04 14:59:24.363171
30/05/2024;1;202447;56;1;1;100%;0;0%;0;0%;0;0%;2025-02-04 14:59:24.363171
13/05/2024;1;202447;29;1;1;100%;0;0%;0;0%;0;0%;2025-02-04 14:59:24.363171
15/04/2024;1;202447;29;1;1;100%;0;0%;0;0%;0;0%;2025-02-04 14:59:24.363171
17/10/2024;1;202447;35;2;2;100%;0;0%;0;0%;0;0%;2025-02-04 14:59:24.363171
09/09/2024;1;202447;35;3;3;100%;0;0%;0;0%;0;0%;2025-02-04 14:59:24.363171
11/09/2024;0;202447;35;1;1;100%;0;0%;0;0%;0;0%;2025-02-04 14:59:24.363171
10/07/2024;0;202447;35;1;0;0%;0;0%;0;0%;1;100%;2025-02-04 14:59:24.363171
03/09/2024;1;202447;56;3;2;66,67%;1;33,33%;0;0%;0;0%;2025-02-04 14:59:24.363171
01/03/2023;1;202448;35;1;1;100%;0;0%;0;0%;0;0%;2025-02-04 14:59:24.363171
18/09/2024;0;202448;35;1;1;100%;0;0%;0;0%;0;0%;2025-02-04 14:59:24.363171
06/09/2024;1;202448;56;2;2;100%;0;0%;0;0%;0;0%;2025-02-04 14:59:24.363171
18/09/2024;1;202448;35;1;1;100%;0;0%;0;0%;0;0%;2025-02-04 14:59:24.363171
03/06/2024;0;202448;35;1;0;0%;1;100%;0;0%;0;0%;2025-02-04 14:59:24.363171
29/08/2024;1;202448;29;1;1;100%;0;0%;0;0%;0;0%;2025-02-04 14:59:24.363171
20/11/2024;1;202448;50;2;2;100%;0;0%;0;0%;0;0%;2025-02-04 14:59:24.363171
18/07/2023;1;202448;44;1;0;0%;0;0%;0;0%;1;100%;2025-02-04 14:59:24.363171
03/11/2022;1;202448;35;2;1;50%;1;50%;0;0%;0;0%;2025-02-04 14:59:24.363171
10/08/2023;0;202448;29;1;1;100%;0;0%;0;0%;0;0%;2025-02-04 14:59:24.363171
15/11/2024;1;202448;29;1;1;100%;0;0%;0;0%;0;0%;2025-02-04 14:59:24.363171
29/01/2024;0;202448;50;1;0;0%;1;100%;0;0%;0;0%;2025-02-04 14:59:24.363171
05/05/2023;0;202448;50;1;1;100%;0;0%;0;0%;0;0%;2025-02-04 14:59:24.363171
23/10/2024;1;202448;50;2;1;50%;1;50%;0;0%;0;0%;2025-02-04 14:59:24.363171
23/10/2024;0;202448;50;2;2;100%;0;0%;0;0%;0;0%;2025-02-04 14:59:24.363171
28/10/2024;1;202448;44;2;2;100%;0;0%;0;0%;0;0%;2025-02-04 14:59:24.363171
28/05/2024;1;202448;56;2;1;50%;1;50%;0;0%;0;0%;2025-02-04 14:59:24.363171
02/03/2023;1;202448;56;1;0;0%;0;0%;0;0%;1;100%;2025-02-04 14:59:24.363171
23/09/2024;1;202448;50;1;1;100%;0;0%;0;0%;0;0%;2025-02-04 14:59:24.363171
20/11/2024;1;202448;35;3;0;0%;0;0%;1;33,33%;2;66,67%;2025-02-04 14:59:24.363171
30/04/2024;1;202448;35;1;0;0%;1;100%;0;0%;0;0%;2025-02-04 14:59:24.363171
19/10/2021;1;202448;29;2;2;100%;0;0%;0;0%;0;0%;2025-02-04 14:59:24.363171
10/06/2022;1;202448;29;1;1;100%;0;0%;0;0%;0;0%;2025-02-04 14:59:24.363171
26/04/2021;1;202448;29;1;1;100%;0;0%;0;0%;0;0%;2025-02-04 14:59:24.363171
26/04/2021;1;202448;50;1;1;100%;0;0%;0;0%;0;0%;2025-02-04 14:59:24.363171
01/08/2023;1;202448;44;3;2;66,67%;1;33,33%;0;0%;0;0%;2025-02-04 14:59:24.363171
10/05/2024;1;202448;29;22;21;95,45%;0;0%;0;0%;1;4,55%;2025-02-04 14:59:24.363171
26/10/2022;1;202448;29;1;1;100%;0;0%;0;0%;0;0%;2025-02-04 14:59:24.363171
23/01/2024;1;202448;35;1;1;100%;0;0%;0;0%;0;0%;2025-02-04 14:59:24.363171
08/01/2024;1;202448;56;1;1;100%;0;0%;0;0%;0;0%;2025-02-04 14:59:24.363171
31/08/2023;1;202448;56;1;1;100%;0;0%;0;0%;0;0%;2025-02-04 14:59:24.363171
19/10/2021;1;202448;29;1;1;100%;0;0%;0;0%;0;0%;2025-02-04 14:59:24.363171
21/05/2024;1;202448;35;1;0;0%;1;100%;0;0%;0;0%;2025-02-04 14:59:24.363171
07/08/2024;0;202448;50;1;1;100%;0;0%;0;0%;0;0%;2025-02-04 14:59:24.363171
09/01/2023;1;202448;44;1;1;100%;0;0%;0;0%;0;0%;2025-02-04 14:59:24.363171
30/05/2024;1;202448;56;2;1;50%;1;50%;0;0%;0;0%;2025-02-04 14:59:24.363171
15/04/2024;1;202448;29;1;1;100%;0;0%;0;0%;0;0%;2025-02-04 14:59:24.363171
06/10/2023;1;202448;56;1;1;100%;0;0%;0;0%;0;0%;2025-02-04 14:59:24.363171
09/09/2024;1;202448;35;1;0;0%;1;100%;0;0%;0;0%;2025-02-04 14:59:24.363171
11/09/2024;0;202448;35;2;1;50%;0;0%;0;0%;1;50%;2025-02-04 14:59:24.363171
03/09/2024;1;202448;56;2;0;0%;1;50%;0;0%;1;50%;2025-02-04 14:59:24.363171
07/10/2024;1;202448;35;2;0;0%;1;50%;0;0%;1;50%;2025-02-04 14:59:24.363171
12/09/2023;1;202449;35;1;1;100%;0;0%;0;0%;0;0%;2025-02-04 14:59:24.363171
05/06/2023;1;202449;35;1;0;0%;0;0%;0;0%;1;100%;2025-02-04 14:59:24.363171
01/03/2023;1;202449;35;1;1;100%;0;0%;0;0%;0;0%;2025-02-04 14:59:24.363171
18/09/2024;0;202449;35;2;2;100%;0;0%;0;0%;0;0%;2025-02-04 14:59:24.363171
06/09/2024;1;202449;56;3;3;100%;0;0%;0;0%;0;0%;2025-02-04 14:59:24.363171
18/09/2024;1;202449;35;2;2;100%;0;0%;0;0%;0;0%;2025-02-04 14:59:24.363171
25/11/2024;1;202449;35;1;1;100%;0;0%;0;0%;0;0%;2025-02-04 14:59:24.363171
29/08/2024;1;202449;29;3;3;100%;0;0%;0;0%;0;0%;2025-02-04 14:59:24.363171
11/10/2024;1;202449;56;4;3;75%;1;25%;0;0%;0;0%;2025-02-04 14:59:24.363171
20/11/2024;1;202449;29,5;3;2;66,67%;0;0%;0;0%;1;33,33%;2025-02-04 14:59:24.363171
11/10/2024;0;202449;29;2;2;100%;0;0%;0;0%;0;0%;2025-02-04 14:59:24.363171
24/07/2023;1;202449;44;1;1;100%;0;0%;0;0%;0;0%;2025-02-04 14:59:24.363171
13/07/2023;1;202449;44;1;1;100%;0;0%;0;0%;0;0%;2025-02-04 14:59:24.363171
15/11/2024;1;202449;29;2;2;100%;0;0%;0;0%;0;0%;2025-02-04 14:59:24.363171
29/01/2024;0;202449;50;1;0;0%;0;0%;0;0%;1;100%;2025-02-04 14:59:24.363171
18/10/2024;0;202449;50;2;1;50%;1;50%;0;0%;0;0%;2025-02-04 14:59:24.363171
23/10/2024;1;202449;50;3;3;100%;0;0%;0;0%;0;0%;2025-02-04 14:59:24.363171
23/10/2024;0;202449;50;1;1;100%;0;0%;0;0%;0;0%;2025-02-04 14:59:24.363171
28/10/2024;1;202449;44;4;3;75%;0;0%;0;0%;1;25%;2025-02-04 14:59:24.363171
29/08/2024;1;202449;29;2;2;100%;0;0%;0;0%;0;0%;2025-02-04 14:59:24.363171
11/10/2024;1;202449;29;4;3;75%;0;0%;1;25%;0;0%;2025-02-04 14:59:24.363171
20/11/2024;1;202449;35;3;3;100%;0;0%;0;0%;0;0%;2025-02-04 14:59:24.363171
23/09/2024;1;202449;50;4;3;75%;1;25%;0;0%;0;0%;2025-02-04 14:59:24.363171
20/11/2024;1;202449;35;2;2;100%;0;0%;0;0%;0;0%;2025-02-04 14:59:24.363171
30/08/2023;1;202449;50;2;1;50%;0;0%;0;0%;1;50%;2025-02-04 14:59:24.363171
10/06/2022;1;202449;29;1;0;0%;1;100%;0;0%;0;0%;2025-02-04 14:59:24.363171
29/10/2024;1;202449;29,50,56;3;2;66,67%;0;0%;1;33,33%;0;0%;2025-02-04 14:59:24.363171
26/04/2021;1;202449;50;1;1;100%;0;0%;0;0%;0;0%;2025-02-04 14:59:24.363171
07/07/2023;1;202449;29;1;1;100%;0;0%;0;0%;0;0%;2025-02-04 14:59:24.363171
10/05/2024;1;202449;29;10;8;80%;1;10%;0;0%;1;10%;2025-02-04 14:59:24.363171
26/10/2022;1;202449;29;1;0;0%;0;0%;0;0%;1;100%;2025-02-04 14:59:24.363171
05/02/2024;1;202449;50;1;1;100%;0;0%;0;0%;0;0%;2025-02-04 14:59:24.363171
01/03/2023;1;202449;50;4;3;75%;0;0%;1;25%;0;0%;2025-02-04 14:59:24.363171
27/10/2022;1;202449;29;1;0;0%;0;0%;0;0%;1;100%;2025-02-04 14:59:24.363171
02/03/2022;1;202449;29;1;1;100%;0;0%;0;0%;0;0%;2025-02-04 14:59:24.363171
22/09/2023;1;202449;29;2;0;0%;1;50%;0;0%;1;50%;2025-02-04 14:59:24.363171
15/04/2024;1;202449;29;4;4;100%;0;0%;0;0%;0;0%;2025-02-04 14:59:24.363171
17/10/2024;1;202449;35;4;4;100%;0;0%;0;0%;0;0%;2025-02-04 14:59:24.363171
09/09/2024;1;202449;35;2;2;100%;0;0%;0;0%;0;0%;2025-02-04 14:59:24.363171
11/09/2024;0;202449;35;3;1;33,33%;1;33,33%;1;33,33%;0;0%;2025-02-04 14:59:24.363171
03/09/2024;1;202449;56;4;3;75%;0;0%;0;0%;1;25%;2025-02-04 14:59:24.363171
06/06/2023;1;202449;56;1;0;0%;0;0%;0;0%;1;100%;2025-02-04 14:59:24.363171
21/10/2022;1;202450;35;1;1;100%;0;0%;0;0%;0;0%;2025-02-04 14:59:24.363171
07/06/2024;1;202450;56;1;1;100%;0;0%;0;0%;0;0%;2025-02-04 14:59:24.363171
02/01/2024;1;202450;35;1;1;100%;0;0%;0;0%;0;0%;2025-02-04 14:59:24.363171
01/03/2023;1;202450;35;1;0;0%;1;100%;0;0%;0;0%;2025-02-04 14:59:24.363171
30/05/2024;1;202450;56;1;1;100%;0;0%;0;0%;0;0%;2025-02-04 14:59:24.363171
05/03/2024;1;202450;35;1;1;100%;0;0%;0;0%;0;0%;2025-02-04 14:59:24.363171
18/09/2024;1;202450;35;1;1;100%;0;0%;0;0%;0;0%;2025-02-04 14:59:24.363171
18/09/2024;0;202450;35;1;1;100%;0;0%;0;0%;0;0%;2025-02-04 14:59:24.363171
06/09/2024;1;202450;56;1;1;100%;0;0%;0;0%;0;0%;2025-02-04 14:59:24.363171
13/05/2024;1;202450;29;1;1;100%;0;0%;0;0%;0;0%;2025-02-04 14:59:24.363171
25/11/2024;1;202450;35;2;2;100%;0;0%;0;0%;0;0%;2025-02-04 14:59:24.363171
11/10/2024;0;202450;29;1;0;0%;0;0%;1;100%;0;0%;2025-02-04 14:59:24.363171
24/07/2024;1;202450;35;2;1;50%;1;50%;0;0%;0;0%;2025-02-04 14:59:24.363171
23/04/2024;1;202450;56;1;1;100%;0;0%;0;0%;0;0%;2025-02-04 14:59:24.363171
03/08/2023;1;202450;56;2;2;100%;0;0%;0;0%;0;0%;2025-02-04 14:59:24.363171
23/01/2024;1;202450;44;2;2;100%;0;0%;0;0%;0;0%;2025-02-04 14:59:24.363171
08/11/2023;1;202450;44;1;0;0%;0;0%;0;0%;1;100%;2025-02-04 14:59:24.363171
18/07/2023;1;202450;44;1;1;100%;0;0%;0;0%;0;0%;2025-02-04 14:59:24.363171
17/05/2024;1;202450;44;1;1;100%;0;0%;0;0%;0;0%;2025-02-04 14:59:24.363171
24/07/2023;1;202450;44;1;1;100%;0;0%;0;0%;0;0%;2025-02-04 14:59:24.363171
12/01/2024;1;202450;44;1;1;100%;0;0%;0;0%;0;0%;2025-02-04 14:59:24.363171
13/07/2023;1;202450;44;1;1;100%;0;0%;0;0%;0;0%;2025-02-04 14:59:24.363171
03/11/2022;1;202450;35;1;1;100%;0;0%;0;0%;0;0%;2025-02-04 14:59:24.363171
10/08/2023;0;202450;29;2;1;50%;1;50%;0;0%;0;0%;2025-02-04 14:59:24.363171
29/01/2024;0;202450;50;1;1;100%;0;0%;0;0%;0;0%;2025-02-04 14:59:24.363171
05/05/2023;0;202450;50;1;1;100%;0;0%;0;0%;0;0%;2025-02-04 14:59:24.363171
08/07/2024;1;202450;50;1;1;100%;0;0%;0;0%;0;0%;2025-02-04 14:59:24.363171
20/06/2023;1;202450;50;1;1;100%;0;0%;0;0%;0;0%;2025-02-04 14:59:24.363171
14/02/2024;1;202450;50;1;1;100%;0;0%;0;0%;0;0%;2025-02-04 14:59:24.363171
28/05/2024;1;202450;56;1;1;100%;0;0%;0;0%;0;0%;2025-02-04 14:59:24.363171
11/01/2023;1;202450;56;1;1;100%;0;0%;0;0%;0;0%;2025-02-04 14:59:24.363171
21/12/2023;1;202450;44;1;1;100%;0;0%;0;0%;0;0%;2025-02-04 14:59:24.363171
04/03/2024;1;202450;44;1;1;100%;0;0%;0;0%;0;0%;2025-02-04 14:59:24.363171
29/08/2024;1;202450;29;1;1;100%;0;0%;0;0%;0;0%;2025-02-04 14:59:24.363171
11/10/2024;1;202450;29;1;0;0%;0;0%;0;0%;1;100%;2025-02-04 14:59:24.363171
13/05/2024;1;202450;35;1;1;100%;0;0%;0;0%;0;0%;2025-02-04 14:59:24.363171
02/03/2023;1;202450;56;1;1;100%;0;0%;0;0%;0;0%;2025-02-04 14:59:24.363171
20/11/2024;1;202450;35;1;0;0%;1;100%;0;0%;0;0%;2025-02-04 14:59:24.363171
30/08/2023;1;202450;50;1;1;100%;0;0%;0;0%;0;0%;2025-02-04 14:59:24.363171
30/04/2024;1;202450;50;1;1;100%;0;0%;0;0%;0;0%;2025-02-04 14:59:24.363171
19/10/2021;1;202450;29;1;1;100%;0;0%;0;0%;0;0%;2025-02-04 14:59:24.363171
29/10/2024;1;202450;50;2;1;50%;1;50%;0;0%;0;0%;2025-02-04 14:59:24.363171
18/07/2023;1;202450;56;1;1;100%;0;0%;0;0%;0;0%;2025-02-04 14:59:24.363171
07/07/2023;1;202450;29;1;1;100%;0;0%;0;0%;0;0%;2025-02-04 14:59:24.363171
01/08/2023;1;202450;44;1;1;100%;0;0%;0;0%;0;0%;2025-02-04 14:59:24.363171
26/10/2022;1;202450;29;2;1;50%;0;0%;0;0%;1;50%;2025-02-04 14:59:24.363171
05/02/2024;1;202450;50;1;1;100%;0;0%;0;0%;0;0%;2025-02-04 14:59:24.363171
23/01/2024;1;202450;35;2;0;0%;2;100%;0;0%;0;0%;2025-02-04 14:59:24.363171
08/01/2024;1;202450;56;1;1;100%;0;0%;0;0%;0;0%;2025-02-04 14:59:24.363171
22/09/2023;1;202450;29;1;1;100%;0;0%;0;0%;0;0%;2025-02-04 14:59:24.363171
25/04/2024;1;202450;44;1;1;100%;0;0%;0;0%;0;0%;2025-02-04 14:59:24.363171
23/09/2021;1;202450;29;1;1;100%;0;0%;0;0%;0;0%;2025-02-04 14:59:24.363171
08/03/2024;1;202450;35;2;0;0%;2;100%;0;0%;0;0%;2025-02-04 14:59:24.363171
02/03/2022;1;202450;29;2;2;100%;0;0%;0;0%;0;0%;2025-02-04 14:59:24.363171
23/01/2024;1;202450;35;2;1;50%;0;0%;1;50%;0;0%;2025-02-04 14:59:24.363171
22/09/2023;1;202450;29;1;1;100%;0;0%;0;0%;0;0%;2025-02-04 14:59:24.363171
21/05/2024;1;202450;35;1;1;100%;0;0%;0;0%;0;0%;2025-02-04 14:59:24.363171
14/02/2023;1;202450;50;1;0;0%;1;100%;0;0%;0;0%;2025-02-04 14:59:24.363171
15/04/2022;1;202450;29;1;1;100%;0;0%;0;0%;0;0%;2025-02-04 14:59:24.363171
09/01/2023;1;202450;44;1;0;0%;0;0%;0;0%;1;100%;2025-02-04 14:59:24.363171
06/06/2024;1;202450;44;1;1;100%;0;0%;0;0%;0;0%;2025-02-04 14:59:24.363171
06/06/2024;1;202450;44;1;0;0%;0;0%;1;100%;0;0%;2025-02-04 14:59:24.363171
23/01/2024;1;202450;44;1;0;0%;1;100%;0;0%;0;0%;2025-02-04 14:59:24.363171
30/05/2024;1;202450;56;1;1;100%;0;0%;0;0%;0;0%;2025-02-04 14:59:24.363171
13/05/2024;1;202450;29;1;1;100%;0;0%;0;0%;0;0%;2025-02-04 14:59:24.363171
03/08/2023;1;202450;35;1;1;100%;0;0%;0;0%;0;0%;2025-02-04 14:59:24.363171
06/10/2023;1;202450;56;1;1;100%;0;0%;0;0%;0;0%;2025-02-04 14:59:24.363171
24/07/2023;1;202450;35;2;1;50%;1;50%;0;0%;0;0%;2025-02-04 14:59:24.363171
01/03/2024;1;202450;35;2;1;50%;1;50%;0;0%;0;0%;2025-02-04 14:59:24.363171
11/09/2024;0;202450;35;1;1;100%;0;0%;0;0%;0;0%;2025-02-04 14:59:24.363171
13/06/2024;1;202450;35;1;1;100%;0;0%;0;0%;0;0%;2025-02-04 14:59:24.363171
28/07/2023;1;202450;56;1;1;100%;0;0%;0;0%;0;0%;2025-02-04 14:59:24.363171
04/03/2024;1;202450;56;2;0;0%;1;50%;0;0%;1;50%;2025-02-04 14:59:24.363171
21/10/2022;1;202451;35;2;2;100%;0;0%;0;0%;0;0%;2025-02-04 14:59:24.363171
12/09/2023;1;202451;35;1;1;100%;0;0%;0;0%;0;0%;2025-02-04 14:59:24.363171
07/06/2024;1;202451;56;2;1;50%;1;50%;0;0%;0;0%;2025-02-04 14:59:24.363171
02/01/2024;1;202451;35;1;1;100%;0;0%;0;0%;0;0%;2025-02-04 14:59:24.363171
01/03/2023;1;202451;35;1;1;100%;0;0%;0;0%;0;0%;2025-02-04 14:59:24.363171
30/05/2024;1;202451;56;2;2;100%;0;0%;0;0%;0;0%;2025-02-04 14:59:24.363171
05/03/2024;1;202451;35;1;1;100%;0;0%;0;0%;0;0%;2025-02-04 14:59:24.363171
18/09/2024;1;202451;35;1;1;100%;0;0%;0;0%;0;0%;2025-02-04 14:59:24.363171
18/09/2024;1;202451;35;2;1;50%;0;0%;0;0%;1;50%;2025-02-04 14:59:24.363171
13/05/2024;1;202451;29;1;1;100%;0;0%;0;0%;0;0%;2025-02-04 14:59:24.363171
29/08/2024;1;202451;56;1;1;100%;0;0%;0;0%;0;0%;2025-02-04 14:59:24.363171
20/11/2024;1;202451;29;1;1;100%;0;0%;0;0%;0;0%;2025-02-04 14:59:24.363171
11/10/2024;0;202451;29;1;1;100%;0;0%;0;0%;0;0%;2025-02-04 14:59:24.363171
24/07/2024;1;202451;35;1;1;100%;0;0%;0;0%;0;0%;2025-02-04 14:59:24.363171
23/04/2024;1;202451;56;1;1;100%;0;0%;0;0%;0;0%;2025-02-04 14:59:24.363171
23/01/2024;1;202451;44;1;0;0%;0;0%;0;0%;1;100%;2025-02-04 14:59:24.363171
08/11/2023;1;202451;44;1;1;100%;0;0%;0;0%;0;0%;2025-02-04 14:59:24.363171
18/07/2023;1;202451;44;1;1;100%;0;0%;0;0%;0;0%;2025-02-04 14:59:24.363171
17/05/2024;1;202451;44;2;1;50%;0;0%;0;0%;1;50%;2025-02-04 14:59:24.363171
24/07/2023;1;202451;44;1;1;100%;0;0%;0;0%;0;0%;2025-02-04 14:59:24.363171
12/01/2024;1;202451;44;1;1;100%;0;0%;0;0%;0;0%;2025-02-04 14:59:24.363171
13/07/2023;1;202451;44;1;1;100%;0;0%;0;0%;0;0%;2025-02-04 14:59:24.363171
03/11/2022;1;202451;35;1;1;100%;0;0%;0;0%;0;0%;2025-02-04 14:59:24.363171
29/01/2024;0;202451;50;1;1;100%;0;0%;0;0%;0;0%;2025-02-04 14:59:24.363171
05/05/2023;0;202451;50;1;0;0%;1;100%;0;0%;0;0%;2025-02-04 14:59:24.363171
08/07/2024;1;202451;50;2;2;100%;0;0%;0;0%;0;0%;2025-02-04 14:59:24.363171
14/02/2024;1;202451;50;1;1;100%;0;0%;0;0%;0;0%;2025-02-04 14:59:24.363171
28/10/2024;1;202451;44;4;3;75%;0;0%;0;0%;1;25%;2025-02-04 14:59:24.363171
28/05/2024;1;202451;56;1;1;100%;0;0%;0;0%;0;0%;2025-02-04 14:59:24.363171
11/01/2023;1;202451;56;2;0;0%;1;50%;1;50%;0;0%;2025-02-04 14:59:24.363171
04/03/2024;1;202451;44;1;1;100%;0;0%;0;0%;0;0%;2025-02-04 14:59:24.363171
11/10/2024;1;202451;29;1;1;100%;0;0%;0;0%;0;0%;2025-02-04 14:59:24.363171
13/05/2024;1;202451;35;1;1;100%;0;0%;0;0%;0;0%;2025-02-04 14:59:24.363171
20/11/2024;1;202451;35;1;1;100%;0;0%;0;0%;0;0%;2025-02-04 14:59:24.363171
02/03/2023;1;202451;56;1;1;100%;0;0%;0;0%;0;0%;2025-02-04 14:59:24.363171
23/09/2024;1;202451;50;1;1;100%;0;0%;0;0%;0;0%;2025-02-04 14:59:24.363171
20/11/2024;1;202451;35;1;1;100%;0;0%;0;0%;0;0%;2025-02-04 14:59:24.363171
30/08/2023;1;202451;50;1;1;100%;0;0%;0;0%;0;0%;2025-02-04 14:59:24.363171
30/04/2024;1;202451;50;1;1;100%;0;0%;0;0%;0;0%;2025-02-04 14:59:24.363171
19/10/2021;1;202451;29;1;1;100%;0;0%;0;0%;0;0%;2025-02-04 14:59:24.363171
29/10/2024;1;202451;50;1;1;100%;0;0%;0;0%;0;0%;2025-02-04 14:59:24.363171
18/07/2023;1;202451;56;1;1;100%;0;0%;0;0%;0;0%;2025-02-04 14:59:24.363171
07/07/2023;1;202451;29;1;1;100%;0;0%;0;0%;0;0%;2025-02-04 14:59:24.363171
01/08/2023;1;202451;44;1;1;100%;0;0%;0;0%;0;0%;2025-02-04 14:59:24.363171
10/05/2024;1;202451;29;9;9;100%;0;0%;0;0%;0;0%;2025-02-04 14:59:24.363171
26/10/2022;1;202451;29;1;0;0%;0;0%;1;100%;0;0%;2025-02-04 14:59:24.363171
23/01/2024;1;202451;35;1;1;100%;0;0%;0;0%;0;0%;2025-02-04 14:59:24.363171
08/01/2024;1;202451;56;1;1;100%;0;0%;0;0%;0;0%;2025-02-04 14:59:24.363171
22/09/2023;1;202451;29;1;0;0%;0;0%;1;100%;0;0%;2025-02-04 14:59:24.363171
25/04/2024;1;202451;44;1;1;100%;0;0%;0;0%;0;0%;2025-02-04 14:59:24.363171
31/08/2023;1;202451;56;1;0;0%;1;100%;0;0%;0;0%;2025-02-04 14:59:24.363171
23/09/2021;1;202451;29;1;1;100%;0;0%;0;0%;0;0%;2025-02-04 14:59:24.363171
02/03/2022;1;202451;29;3;3;100%;0;0%;0;0%;0;0%;2025-02-04 14:59:24.363171
23/01/2024;1;202451;35;1;1;100%;0;0%;0;0%;0;0%;2025-02-04 14:59:24.363171
22/09/2023;1;202451;29;1;1;100%;0;0%;0;0%;0;0%;2025-02-04 14:59:24.363171
21/05/2024;1;202451;35;2;0;0%;1;50%;0;0%;1;50%;2025-02-04 14:59:24.363171
14/02/2023;1;202451;50;1;1;100%;0;0%;0;0%;0;0%;2025-02-04 14:59:24.363171
15/04/2022;1;202451;29;1;1;100%;0;0%;0;0%;0;0%;2025-02-04 14:59:24.363171
09/01/2023;1;202451;44;1;0;0%;0;0%;0;0%;1;100%;2025-02-04 14:59:24.363171
06/06/2024;1;202451;44;1;0;0%;0;0%;0;0%;1;100%;2025-02-04 14:59:24.363171
06/06/2024;1;202451;44;1;1;100%;0;0%;0;0%;0;0%;2025-02-04 14:59:24.363171
23/01/2024;1;202451;44;1;1;100%;0;0%;0;0%;0;0%;2025-02-04 14:59:24.363171
13/05/2024;1;202451;29;1;1;100%;0;0%;0;0%;0;0%;2025-02-04 14:59:24.363171
03/08/2023;1;202451;56;1;1;100%;0;0%;0;0%;0;0%;2025-02-04 14:59:24.363171
06/10/2023;1;202451;56;1;1;100%;0;0%;0;0%;0;0%;2025-02-04 14:59:24.363171
17/10/2024;1;202451;35;1;1;100%;0;0%;0;0%;0;0%;2025-02-04 14:59:24.363171
24/07/2023;1;202451;35;2;2;100%;0;0%;0;0%;0;0%;2025-02-04 14:59:24.363171
01/03/2024;1;202451;35;2;1;50%;1;50%;0;0%;0;0%;2025-02-04 14:59:24.363171
09/09/2024;1;202451;35;1;1;100%;0;0%;0;0%;0;0%;2025-02-04 14:59:24.363171
11/09/2024;0;202451;35;1;0;0%;0;0%;0;0%;1;100%;2025-02-04 14:59:24.363171
03/09/2024;1;202451;56;1;1;100%;0;0%;0;0%;0;0%;2025-02-04 14:59:24.363171
13/06/2024;1;202451;35;1;1;100%;0;0%;0;0%;0;0%;2025-02-04 14:59:24.363171
06/06/2023;1;202451;56;1;0;0%;0;0%;0;0%;1;100%;2025-02-04 14:59:24.363171
28/07/2023;1;202451;56;1;1;100%;0;0%;0;0%;0;0%;2025-02-04 14:59:24.363171
04/03/2024;1;202451;56;1;1;100%;0;0%;0;0%;0;0%;2025-02-04 14:59:24.363171
21/10/2022;1;202452;35;1;0;0%;0;0%;0;0%;1;100%;2025-02-04 14:59:24.363171
07/06/2024;1;202452;56;1;1;100%;0;0%;0;0%;0;0%;2025-02-04 14:59:24.363171
02/01/2024;1;202452;35;1;1;100%;0;0%;0;0%;0;0%;2025-02-04 14:59:24.363171
05/03/2024;1;202452;35;1;1;100%;0;0%;0;0%;0;0%;2025-02-04 14:59:24.363171
18/09/2024;1;202452;35;1;1;100%;0;0%;0;0%;0;0%;2025-02-04 14:59:24.363171
18/09/2024;1;202452;35;1;0;0%;1;100%;0;0%;0;0%;2025-02-04 14:59:24.363171
25/11/2024;1;202452;35;1;0;0%;0;0%;0;0%;1;100%;2025-02-04 14:59:24.363171
23/01/2024;1;202452;44;1;1;100%;0;0%;0;0%;0;0%;2025-02-04 14:59:24.363171
12/01/2024;1;202452;44;1;1;100%;0;0%;0;0%;0;0%;2025-02-04 14:59:24.363171
03/11/2022;1;202452;35;1;1;100%;0;0%;0;0%;0;0%;2025-02-04 14:59:24.363171
20/06/2023;1;202452;50;1;1;100%;0;0%;0;0%;0;0%;2025-02-04 14:59:24.363171
11/01/2023;1;202452;56;1;1;100%;0;0%;0;0%;0;0%;2025-02-04 14:59:24.363171
20/11/2024;1;202452;35;1;1;100%;0;0%;0;0%;0;0%;2025-02-04 14:59:24.363171
19/10/2021;1;202452;29;1;1;100%;0;0%;0;0%;0;0%;2025-02-04 14:59:24.363171
29/10/2024;1;202452;50;1;0;0%;0;0%;1;100%;0;0%;2025-02-04 14:59:24.363171
18/07/2023;1;202452;56;1;1;100%;0;0%;0;0%;0;0%;2025-02-04 14:59:24.363171
04/04/2024;1;202452;29;2;0;0%;0;0%;1;50%;1;50%;2025-02-04 14:59:24.363171
05/02/2024;1;202452;50;2;2;100%;0;0%;0;0%;0;0%;2025-02-04 14:59:24.363171
23/01/2024;1;202452;35;2;1;50%;0;0%;0;0%;1;50%;2025-02-04 14:59:24.363171
06/06/2024;1;202452;44;1;1;100%;0;0%;0;0%;0;0%;2025-02-04 14:59:24.363171
17/10/2024;1;202452;35;1;0;0%;1;100%;0;0%;0;0%;2025-02-04 14:59:24.363171
01/03/2023;1;202501;35;1;1;100%;0;0%;0;0%;0;0%;2025-02-04 14:59:24.363171
18/09/2024;1;202501;35;1;1;100%;0;0%;0;0%;0;0%;2025-02-04 14:59:24.363171
11/10/2024;1;202501;56;1;1;100%;0;0%;0;0%;0;0%;2025-02-04 14:59:24.363171
18/07/2023;1;202501;44;1;0;0%;0;0%;0;0%;1;100%;2025-02-04 14:59:24.363171
17/05/2024;1;202501;44;1;1;100%;0;0%;0;0%;0;0%;2025-02-04 14:59:24.363171
03/11/2022;1;202501;35;1;0;0%;1;100%;0;0%;0;0%;2025-02-04 14:59:24.363171
28/10/2024;1;202501;44;1;1;100%;0;0%;0;0%;0;0%;2025-02-04 14:59:24.363171
28/05/2024;1;202501;56;1;1;100%;0;0%;0;0%;0;0%;2025-02-04 14:59:24.363171
21/12/2023;1;202501;44;1;1;100%;0;0%;0;0%;0;0%;2025-02-04 14:59:24.363171
20/11/2024;1;202501;35;1;1;100%;0;0%;0;0%;0;0%;2025-02-04 14:59:24.363171
02/03/2023;1;202501;56;1;0;0%;0;0%;0;0%;1;100%;2025-02-04 14:59:24.363171
20/11/2024;1;202501;35;1;0;0%;0;0%;0;0%;1;100%;2025-02-04 14:59:24.363171
26/04/2021;1;202501;50;1;1;100%;0;0%;0;0%;0;0%;2025-02-04 14:59:24.363171
01/03/2023;1;202501;50;1;1;100%;0;0%;0;0%;0;0%;2025-02-04 14:59:24.363171
27/10/2022;1;202501;29;1;1;100%;0;0%;0;0%;0;0%;2025-02-04 14:59:24.363171
23/09/2021;1;202501;29;1;1;100%;0;0%;0;0%;0;0%;2025-02-04 14:59:24.363171
22/09/2023;1;202501;29;1;0;0%;1;100%;0;0%;0;0%;2025-02-04 14:59:24.363171
14/02/2023;1;202501;50;1;0;0%;0;0%;0;0%;1;100%;2025-02-04 14:59:24.363171
15/04/2022;1;202501;29;1;0;0%;0;0%;0;0%;1;100%;2025-02-04 14:59:24.363171
06/06/2024;1;202501;44;1;1;100%;0;0%;0;0%;0;0%;2025-02-04 14:59:24.363171
03/08/2023;1;202501;56;1;0;0%;1;100%;0;0%;0;0%;2025-02-04 14:59:24.363171
24/07/2023;1;202501;35;1;0;0%;0;0%;0;0%;1;100%;2025-02-04 14:59:24.363171
20/09/2022;1;202501;35;1;0;0%;0;0%;0;0%;1;100%;2025-02-04 14:59:24.363171
11/09/2024;0;202501;35;1;0;0%;1;100%;0;0%;0;0%;2025-02-04 14:59:24.363171
03/09/2024;1;202501;56;2;1;50%;0;0%;0;0%;1;50%;2025-02-04 14:59:24.363171
13/06/2024;1;202501;35;2;1;50%;0;0%;0;0%;1;50%;2025-02-04 14:59:24.363171
28/07/2023;1;202501;56;1;1;100%;0;0%;0;0%;0;0%;2025-02-04 14:59:24.363171
04/03/2024;1;202501;56;1;1;100%;0;0%;0;0%;0;0%;2025-02-04 14:59:24.363171
17/12/2024;1;202502;29;3;3;100%;0;0%;0;0%;0;0%;2025-02-04 14:59:24.363171
17/12/2024;1;202502;29;3;3;100%;0;0%;0;0%;0;0%;2025-02-04 14:59:24.363171
12/09/2023;1;202502;22;1;1;100%;0;0%;0;0%;0;0%;2025-02-04 14:59:24.363171
07/06/2024;1;202502;56;1;0;0%;0;0%;0;0%;1;100%;2025-02-04 14:59:24.363171
01/03/2023;1;202502;35;1;1;100%;0;0%;0;0%;0;0%;2025-02-04 14:59:24.363171
05/03/2024;1;202502;50;1;1;100%;0;0%;0;0%;0;0%;2025-02-04 14:59:24.363171
18/09/2024;1;202502;35;1;1;100%;0;0%;0;0%;0;0%;2025-02-04 14:59:24.363171
06/09/2024;1;202502;56;2;2;100%;0;0%;0;0%;0;0%;2025-02-04 14:59:24.363171
18/09/2024;1;202502;50;2;1;50%;0;0%;0;0%;1;50%;2025-02-04 14:59:24.363171
25/11/2024;1;202502;35;1;1;100%;0;0%;0;0%;0;0%;2025-02-04 14:59:24.363171
29/08/2024;1;202502;29;2;2;100%;0;0%;0;0%;0;0%;2025-02-04 14:59:24.363171
11/10/2024;1;202502;56;1;1;100%;0;0%;0;0%;0;0%;2025-02-04 14:59:24.363171
11/10/2024;0;202502;29;2;2;100%;0;0%;0;0%;0;0%;2025-02-04 14:59:24.363171
24/07/2024;1;202502;35;1;1;100%;0;0%;0;0%;0;0%;2025-02-04 14:59:24.363171
23/04/2024;1;202502;56;1;1;100%;0;0%;0;0%;0;0%;2025-02-04 14:59:24.363171
03/08/2023;1;202502;56;1;1;100%;0;0%;0;0%;0;0%;2025-02-04 14:59:24.363171
08/11/2023;1;202502;44;2;1;50%;0;0%;0;0%;1;50%;2025-02-04 14:59:24.363171
24/07/2023;1;202502;44;1;1;100%;0;0%;0;0%;0;0%;2025-02-04 14:59:24.363171
10/08/2023;0;202502;29;1;1;100%;0;0%;0;0%;0;0%;2025-02-04 14:59:24.363171
15/11/2024;1;202502;29;2;1;50%;0;0%;1;50%;0;0%;2025-02-04 14:59:24.363171
29/01/2024;0;202502;50;1;1;100%;0;0%;0;0%;0;0%;2025-02-04 14:59:24.363171
01/03/2023;1;202502;50;1;1;100%;0;0%;0;0%;0;0%;2025-02-04 14:59:24.363171
05/05/2023;0;202502;50;1;0;0%;1;100%;0;0%;0;0%;2025-02-04 14:59:24.363171
23/10/2024;1;202502;50;2;2;100%;0;0%;0;0%;0;0%;2025-02-04 14:59:24.363171
20/06/2023;1;202502;50;1;1;100%;0;0%;0;0%;0;0%;2025-02-04 14:59:24.363171
28/05/2024;1;202502;56;2;2;100%;0;0%;0;0%;0;0%;2025-02-04 14:59:24.363171
21/12/2023;1;202502;44;1;1;100%;0;0%;0;0%;0;0%;2025-02-04 14:59:24.363171
04/03/2024;1;202502;44;1;0;0%;0;0%;1;100%;0;0%;2025-02-04 14:59:24.363171
11/10/2024;1;202502;29;2;1;50%;0;0%;1;50%;0;0%;2025-02-04 14:59:24.363171
20/11/2024;1;202502;35;2;2;100%;0;0%;0;0%;0;0%;2025-02-04 14:59:24.363171
23/09/2024;1;202502;50;2;1;50%;0;0%;0;0%;1;50%;2025-02-04 14:59:24.363171
20/11/2024;1;202502;35;1;1;100%;0;0%;0;0%;0;0%;2025-02-04 14:59:24.363171
30/08/2023;1;202502;50;1;1;100%;0;0%;0;0%;0;0%;2025-02-04 14:59:24.363171
30/04/2024;1;202502;35;2;2;100%;0;0%;0;0%;0;0%;2025-02-04 14:59:24.363171
19/10/2021;1;202502;29;1;1;100%;0;0%;0;0%;0;0%;2025-02-04 14:59:24.363171
29/10/2024;1;202502;50;1;1;100%;0;0%;0;0%;0;0%;2025-02-04 14:59:24.363171
26/04/2021;1;202502;56;1;1;100%;0;0%;0;0%;0;0%;2025-02-04 14:59:24.363171
18/07/2023;1;202502;56;1;1;100%;0;0%;0;0%;0;0%;2025-02-04 14:59:24.363171
26/04/2021;1;202502;56;1;1;100%;0;0%;0;0%;0;0%;2025-02-04 14:59:24.363171
07/07/2023;1;202502;29;1;0;0%;1;100%;0;0%;0;0%;2025-02-04 14:59:24.363171
01/08/2023;1;202502;44;1;1;100%;0;0%;0;0%;0;0%;2025-02-04 14:59:24.363171
22/11/2023;1;202502;29;1;1;100%;0;0%;0;0%;0;0%;2025-02-04 14:59:24.363171
10/05/2024;1;202502;29;10;9;90%;1;10%;0;0%;0;0%;2025-02-04 14:59:24.363171
26/10/2022;1;202502;29;1;1;100%;0;0%;0;0%;0;0%;2025-02-04 14:59:24.363171
04/04/2024;1;202502;29;2;2;100%;0;0%;0;0%;0;0%;2025-02-04 14:59:24.363171
05/02/2024;1;202502;50;1;1;100%;0;0%;0;0%;0;0%;2025-02-04 14:59:24.363171
23/01/2024;1;202502;35;1;0;0%;0;0%;1;100%;0;0%;2025-02-04 14:59:24.363171
08/01/2024;1;202502;56;1;1;100%;0;0%;0;0%;0;0%;2025-02-04 14:59:24.363171
22/09/2023;1;202502;29;1;0;0%;0;0%;1;100%;0;0%;2025-02-04 14:59:24.363171
25/04/2024;1;202502;44;1;1;100%;0;0%;0;0%;0;0%;2025-02-04 14:59:24.363171
01/03/2023;1;202502;50;2;2;100%;0;0%;0;0%;0;0%;2025-02-04 14:59:24.363171
31/08/2023;1;202502;56;1;1;100%;0;0%;0;0%;0;0%;2025-02-04 14:59:24.363171
19/10/2021;1;202502;29;1;1;100%;0;0%;0;0%;0;0%;2025-02-04 14:59:24.363171
23/09/2021;1;202502;29;1;1;100%;0;0%;0;0%;0;0%;2025-02-04 14:59:24.363171
08/03/2024;1;202502;35;2;2;100%;0;0%;0;0%;0;0%;2025-02-04 14:59:24.363171
02/03/2022;1;202502;29;1;1;100%;0;0%;0;0%;0;0%;2025-02-04 14:59:24.363171
21/05/2024;1;202502;35;1;1;100%;0;0%;0;0%;0;0%;2025-02-04 14:59:24.363171
09/01/2023;1;202502;44;1;0;0%;1;100%;0;0%;0;0%;2025-02-04 14:59:24.363171
23/01/2024;1;202502;44;1;0;0%;1;100%;0;0%;0;0%;2025-02-04 14:59:24.363171
30/05/2024;1;202502;56;2;1;50%;0;0%;0;0%;1;50%;2025-02-04 14:59:24.363171
13/05/2024;1;202502;29;1;1;100%;0;0%;0;0%;0;0%;2025-02-04 14:59:24.363171
15/04/2024;1;202502;29;2;2;100%;0;0%;0;0%;0;0%;2025-02-04 14:59:24.363171
06/10/2023;1;202502;56;1;0;0%;0;0%;0;0%;1;100%;2025-02-04 14:59:24.363171
17/10/2024;1;202502;35;2;2;100%;0;0%;0;0%;0;0%;2025-02-04 14:59:24.363171
24/07/2023;1;202502;35;1;0;0%;1;100%;0;0%;0;0%;2025-02-04 14:59:24.363171
20/09/2022;1;202502;35;1;1;100%;0;0%;0;0%;0;0%;2025-02-04 14:59:24.363171
09/09/2024;1;202502;35;2;2;100%;0;0%;0;0%;0;0%;2025-02-04 14:59:24.363171
11/09/2024;0;202502;35;1;1;100%;0;0%;0;0%;0;0%;2025-02-04 14:59:24.363171
06/06/2023;1;202502;56;1;1;100%;0;0%;0;0%;0;0%;2025-02-04 14:59:24.363171
04/03/2024;1;202502;56;1;1;100%;0;0%;0;0%;0;0%;2025-02-04 14:59:24.363171
17/12/2024;1;202503;56;1;1;100%;0;0%;0;0%;0;0%;2025-02-04 14:59:24.363171
17/12/2024;1;202503;29;2;1;50%;1;50%;0;0%;0;0%;2025-02-04 14:59:24.363171
21/10/2022;1;202503;35;1;1;100%;0;0%;0;0%;0;0%;2025-02-04 14:59:24.363171
07/06/2024;1;202503;56;1;1;100%;0;0%;0;0%;0;0%;2025-02-04 14:59:24.363171
01/03/2023;1;202503;35;1;0;0%;1;100%;0;0%;0;0%;2025-02-04 14:59:24.363171
18/09/2024;1;202503;35;1;1;100%;0;0%;0;0%;0;0%;2025-02-04 14:59:24.363171
13/05/2024;1;202503;29;1;1;100%;0;0%;0;0%;0;0%;2025-02-04 14:59:24.363171
25/11/2024;1;202503;35;1;1;100%;0;0%;0;0%;0;0%;2025-02-04 14:59:24.363171
11/10/2024;1;202503;56;1;1;100%;0;0%;0;0%;0;0%;2025-02-04 14:59:24.363171
20/11/2024;1;202503;29;2;1;50%;0;0%;0;0%;1;50%;2025-02-04 14:59:24.363171
17/05/2024;1;202503;44;1;1;100%;0;0%;0;0%;0;0%;2025-02-04 14:59:24.363171
24/07/2023;1;202503;44;1;0;0%;1;100%;0;0%;0;0%;2025-02-04 14:59:24.363171
12/01/2024;1;202503;44;2;1;50%;0;0%;0;0%;1;50%;2025-02-04 14:59:24.363171
13/07/2023;1;202503;44;1;1;100%;0;0%;0;0%;0;0%;2025-02-04 14:59:24.363171
14/02/2024;1;202503;50;1;1;100%;0;0%;0;0%;0;0%;2025-02-04 14:59:24.363171
28/10/2024;1;202503;44;4;2;50%;1;25%;0;0%;1;25%;2025-02-04 14:59:24.363171
13/05/2024;1;202503;35;2;2;100%;0;0%;0;0%;0;0%;2025-02-04 14:59:24.363171
20/11/2024;1;202503;35;2;2;100%;0;0%;0;0%;0;0%;2025-02-04 14:59:24.363171
23/09/2024;1;202503;50;1;1;100%;0;0%;0;0%;0;0%;2025-02-04 14:59:24.363171
20/11/2024;1;202503;35;1;0;0%;0;0%;1;100%;0;0%;2025-02-04 14:59:24.363171
30/04/2024;1;202503;35;1;1;100%;0;0%;0;0%;0;0%;2025-02-04 14:59:24.363171
30/04/2024;1;202503;50;1;1;100%;0;0%;0;0%;0;0%;2025-02-04 14:59:24.363171
29/10/2024;1;202503;50;1;1;100%;0;0%;0;0%;0;0%;2025-02-04 14:59:24.363171
26/04/2021;1;202503;50;1;1;100%;0;0%;0;0%;0;0%;2025-02-04 14:59:24.363171
01/08/2023;1;202503;44;1;0;0%;1;100%;0;0%;0;0%;2025-02-04 14:59:24.363171
10/05/2024;1;202503;29;3;3;100%;0;0%;0;0%;0;0%;2025-02-04 14:59:24.363171
04/04/2024;1;202503;29;5;4;80%;0;0%;0;0%;1;20%;2025-02-04 14:59:24.363171
23/01/2024;1;202503;35;1;0;0%;0;0%;0;0%;1;100%;2025-02-04 14:59:24.363171
22/09/2023;1;202503;29;1;0;0%;1;100%;0;0%;0;0%;2025-02-04 14:59:24.363171
01/03/2023;1;202503;50;1;0;0%;1;100%;0;0%;0;0%;2025-02-04 14:59:24.363171
27/10/2022;1;202503;29;3;3;100%;0;0%;0;0%;0;0%;2025-02-04 14:59:24.363171
31/08/2023;1;202503;56;2;1;50%;1;50%;0;0%;0;0%;2025-02-04 14:59:24.363171
19/10/2021;1;202503;29;1;0;0%;0;0%;0;0%;1;100%;2025-02-04 14:59:24.363171
02/03/2022;1;202503;29;1;1;100%;0;0%;0;0%;0;0%;2025-02-04 14:59:24.363171
23/01/2024;1;202503;35;1;1;100%;0;0%;0;0%;0;0%;2025-02-04 14:59:24.363171
22/09/2023;1;202503;29;2;2;100%;0;0%;0;0%;0;0%;2025-02-04 14:59:24.363171
21/05/2024;1;202503;35;1;1;100%;0;0%;0;0%;0;0%;2025-02-04 14:59:24.363171
06/06/2024;1;202503;44;3;0;0%;0;0%;0;0%;3;100%;2025-02-04 14:59:24.363171
06/06/2024;1;202503;44;1;1;100%;0;0%;0;0%;0;0%;2025-02-04 14:59:24.363171
01/03/2024;1;202503;35;1;1;100%;0;0%;0;0%;0;0%;2025-02-04 14:59:24.363171
20/09/2022;1;202503;35;1;1;100%;0;0%;0;0%;0;0%;2025-02-04 14:59:24.363171
09/09/2024;1;202503;35;1;1;100%;0;0%;0;0%;0;0%;2025-02-04 14:59:24.363171
11/09/2024;0;202503;35;1;1;100%;0;0%;0;0%;0;0%;2025-02-04 14:59:24.363171
03/09/2024;1;202503;56;2;2;100%;0;0%;0;0%;0;0%;2025-02-04 14:59:24.363171
06/06/2023;1;202503;56;1;1;100%;0;0%;0;0%;0;0%;2025-02-04 14:59:24.363171
04/03/2024;1;202503;56;1;1;100%;0;0%;0;0%;0;0%;2025-02-04 14:59:24.363171
17/12/2024;1;202504;29;1;1;100%;0;0%;0;0%;0;0%;2025-02-04 14:59:24.363171
13/01/2025;1;202504;50;1;1;100%;0;0%;0;0%;0;0%;2025-02-04 14:59:24.363171
31/12/2024;1;202504;50;1;1;100%;0;0%;0;0%;0;0%;2025-02-04 14:59:24.363171
17/12/2024;1;202504;29;2;1;50%;1;50%;0;0%;0;0%;2025-02-04 14:59:24.363171
05/03/2024;1;202504;50;1;0;0%;1;100%;0;0%;0;0%;2025-02-04 14:59:24.363171
18/09/2024;1;202504;35;1;0;0%;1;100%;0;0%;0;0%;2025-02-04 14:59:24.363171
06/09/2024;1;202504;56;1;1;100%;0;0%;0;0%;0;0%;2025-02-04 14:59:24.363171
18/09/2024;1;202504;50;2;1;50%;1;50%;0;0%;0;0%;2025-02-04 14:59:24.363171
25/11/2024;1;202504;35;1;1;100%;0;0%;0;0%;0;0%;2025-02-04 14:59:24.363171
29/08/2024;1;202504;29;1;1;100%;0;0%;0;0%;0;0%;2025-02-04 14:59:24.363171
11/10/2024;1;202504;56;1;1;100%;0;0%;0;0%;0;0%;2025-02-04 14:59:24.363171
20/11/2024;1;202504;29;1;1;100%;0;0%;0;0%;0;0%;2025-02-04 14:59:24.363171
23/10/2024;1;202504;50;2;1;50%;1;50%;0;0%;0;0%;2025-02-04 14:59:24.363171
28/10/2024;1;202504;44;1;1;100%;0;0%;0;0%;0;0%;2025-02-04 14:59:24.363171
28/05/2024;1;202504;56;1;1;100%;0;0%;0;0%;0;0%;2025-02-04 14:59:24.363171
04/03/2024;1;202504;44;1;1;100%;0;0%;0;0%;0;0%;2025-02-04 14:59:24.363171
11/10/2024;1;202504;29;1;1;100%;0;0%;0;0%;0;0%;2025-02-04 14:59:24.363171
20/11/2024;1;202504;35;1;1;100%;0;0%;0;0%;0;0%;2025-02-04 14:59:24.363171
23/09/2024;1;202504;50;1;1;100%;0;0%;0;0%;0;0%;2025-02-04 14:59:24.363171
20/11/2024;1;202504;35;1;0;0%;1;100%;0;0%;0;0%;2025-02-04 14:59:24.363171
29/10/2024;1;202504;50;1;1;100%;0;0%;0;0%;0;0%;2025-02-04 14:59:24.363171
01/08/2023;1;202504;44;1;0;0%;0;0%;0;0%;1;100%;2025-02-04 14:59:24.363171
04/04/2024;1;202504;29;2;1;50%;0;0%;1;50%;0;0%;2025-02-04 14:59:24.363171
23/01/2024;1;202504;35;3;1;33,33%;0;0%;0;0%;2;66,67%;2025-02-04 14:59:24.363171
01/03/2023;1;202504;50;1;1;100%;0;0%;0;0%;0;0%;2025-02-04 14:59:24.363171
23/01/2024;1;202504;35;2;1;50%;0;0%;0;0%;1;50%;2025-02-04 14:59:24.363171
21/05/2024;1;202504;35;1;1;100%;0;0%;0;0%;0;0%;2025-02-04 14:59:24.363171
23/01/2024;1;202504;44;2;2;100%;0;0%;0;0%;0;0%;2025-02-04 14:59:24.363171
17/10/2024;1;202504;35;2;2;100%;0;0%;0;0%;0;0%;2025-02-04 14:59:24.363171
09/09/2024;1;202504;35;1;1;100%;0;0%;0;0%;0;0%;2025-02-04 14:59:24.363171
03/09/2024;1;202504;56;1;0;0%;1;100%;0;0%;0;0%;2025-02-04 14:59:24.363171
17/12/2024;1;202505;29;1;0;0%;1;100%;0;0%;0;0%;2025-02-04 14:59:24.363171
31/12/2024;1;202505;50;1;0;0%;1;100%;0;0%;0;0%;2025-02-04 14:59:24.363171
17/12/2024;1;202505;29;1;0;0%;1;100%;0;0%;0;0%;2025-02-04 14:59:24.363171
18/09/2024;1;202505;35;1;1;100%;0;0%;0;0%;0;0%;2025-02-04 14:59:24.363171
06/09/2024;1;202505;56;2;1;50%;0;0%;0;0%;1;50%;2025-02-04 14:59:24.363171
18/09/2024;1;202505;50;2;0;0%;1;50%;0;0%;1;50%;2025-02-04 14:59:24.363171
20/11/2024;1;202505;29;1;1;100%;0;0%;0;0%;0;0%;2025-02-04 14:59:24.363171
23/10/2024;1;202505;50;2;1;50%;1;50%;0;0%;0;0%;2025-02-04 14:59:24.363171
28/10/2024;1;202505;44;1;1;100%;0;0%;0;0%;0;0%;2025-02-04 14:59:24.363171
20/11/2024;1;202505;35;1;1;100%;0;0%;0;0%;0;0%;2025-02-04 14:59:24.363171
02/03/2023;1;202505;56;1;1;100%;0;0%;0;0%;0;0%;2025-02-04 14:59:24.363171
23/09/2024;1;202505;50;1;1;100%;0;0%;0;0%;0;0%;2025-02-04 14:59:24.363171
20/11/2024;1;202505;35;1;1;100%;0;0%;0;0%;0;0%;2025-02-04 14:59:24.363171
30/04/2024;1;202505;35;2;2;100%;0;0%;0;0%;0;0%;2025-02-04 14:59:24.363171
29/10/2024;1;202505;50;2;1;50%;0;0%;0;0%;1;50%;2025-02-04 14:59:24.363171
01/08/2023;1;202505;44;1;1;100%;0;0%;0;0%;0;0%;2025-02-04 14:59:24.363171
22/11/2023;1;202505;29;1;0;0%;0;0%;0;0%;1;100%;2025-02-04 14:59:24.363171
10/05/2024;1;202505;29;22;17;77,27%;4;18,18%;0;0%;1;4,55%;2025-02-04 14:59:24.363171
04/04/2024;1;202505;29;3;3;100%;0;0%;0;0%;0;0%;2025-02-04 14:59:24.363171
23/01/2024;1;202505;35;2;1;50%;1;50%;0;0%;0;0%;2025-02-04 14:59:24.363171
08/01/2024;1;202505;56;2;1;50%;1;50%;0;0%;0;0%;2025-02-04 14:59:24.363171
19/10/2021;1;202505;29;1;1;100%;0;0%;0;0%;0;0%;2025-02-04 14:59:24.363171
08/03/2024;1;202505;35;1;1;100%;0;0%;0;0%;0;0%;2025-02-04 14:59:24.363171
21/06/2024;1;202505;44;1;1;100%;0;0%;0;0%;0;0%;2025-02-04 14:59:24.363171
23/01/2024;1;202505;44;1;0;0%;1;100%;0;0%;0;0%;2025-02-04 14:59:24.363171
30/05/2024;1;202505;56;1;1;100%;0;0%;0;0%;0;0%;2025-02-04 14:59:24.363171
17/10/2024;1;202505;35;1;1;100%;0;0%;0;0%;0;0%;2025-02-04 14:59:24.363171
24/07/2023;1;202505;35;1;1;100%;0;0%;0;0%;0;0%;2025-02-04 14:59:24.363171
09/09/2024;1;202505;35;1;1;100%;0;0%;0;0%;0;0%;2025-02-04 14:59:24.363171
